EIP_Number,Author
1,Pascal Marco Caversaccio
1,xinbenlv
1,Sam Wilson
1,Hadrien Croubois
1,Gavin John
1,Gavin John
1,g11tech
1,xinbenlv
1,Pandapip1
1,Pandapip1
1,lightclient
1,Sam Wilson
1,Sam Wilson
1,Pandapip1
1,xinbenlv
1,donBarbos
1,Pandapip1
1,Sam Wilson
1,Pandapip1
1,Micah Zoltu
1,Pandapip1
1,Pandapip1
1,Sam Wilson
1,Pandapip1
1,Sam Wilson
1,Micah Zoltu
1,Sam Wilson
1,Matt Galligan
1,Dmitriy Fishman
1,Pooja Ranjan
100,Alex Beregszaszi
100,Nick Johnson
100,Nick Johnson
100,Nick Johnson
100,Yoichi Hirai
100,Yoichi Hirai
100,cdetrio
100,cdetrio
100,cdetrio
100,cdetrio
101,William Entriken
101,eth-bot
101,Nick Johnson
101,Nick Johnson
101,Nick Johnson
101,Nick Johnson
101,vub
1010,Pandapip1
1010,eth-bot
1010,Anderson Wesley
1011,Pandapip1
1011,Dmitriy Fishman
1011,eth-bot
1011,Micah Zoltu
1011,Alex Beregszaszi
1011,Andrew Miller
1011,Danny Ryan
1011,Danny Ryan
1011,Danny Ryan
1011,Danny Ryan
1013,Pandapip1
1013,William Entriken
1013,Micah Zoltu
1013,Alex Beregszaszi
1013,Nick Savers
1013,Alex Beregszaszi
1013,Alex Beregszaszi
1013,Alex Beregszaszi
1013,William Entriken
1013,Nick Savers
1013,Afri Schoedon
1013,Afri Schoedon
1013,Nick Savers
1014,Micah Zoltu
1014,Alex Beregszaszi
1014,Leo Arias
1014,Alex Beregszaszi
1014,Greg Colvin
1014,Alex Beregszaszi
1014,Little Sheep
1014,Martin Holst Swende
1014,Martin Holst Swende
1014,Martin Holst Swende
1014,Martin Holst Swende
1014,Martin Holst Swende
1014,Martin Holst Swende
1014,Martin Holst Swende
1014,Martin Holst Swende
1014,Paweł Bylica
1014,vbuterin
1015,Pandapip1
1015,Dmitriy Fishman
1015,eth-bot
1015,Micah Zoltu
1015,Alex Beregszaszi
1015,Alex Beregszaszi
1015,Alex Van de Sande
1015,William Entriken
1015,Alex Van de Sande
1046,Gavin John
1046,Gavin John
1046,Gavin John
1046,Gavin John
1046,Gavin John
1046,Gavin John
1046,Pandapip1
1046,eth-bot
1046,Tommy Nicholas
1051,Pandapip1
1051,eth-bot
1051,Alex Beregszaszi
1051,Nick Johnson
1052,Pandapip1
1052,Dmitriy Fishman
1052,Micah Zoltu
1052,Alex Beregszaszi
1052,Alex Beregszaszi
1052,Alex Beregszaszi
1052,Alex Beregszaszi
1052,gary rong
1052,Paweł Bylica
1052,Nick Johnson
1056,Pandapip1
1056,eth-bot
1056,Micah Zoltu
1056,William Entriken
1056,Pelle Braendgaard
1057,Pandapip1
1057,eth-bot
1057,Micah Zoltu
1057,lightclient
1057,Greg Colvin
1057,Greg Colvin
1057,Greg Colvin
1057,Greg Colvin
1057,lightclient
1057,Greg Colvin
1057,Greg Colvin
1057,Greg Colvin
1057,Greg Colvin
1057,James Hancock
1057,Greg Colvin
1057,Alex Beregszaszi
1057,Alex Beregszaszi
1057,Alex Beregszaszi
1057,WTRMQDev
1057,Danno Ferrin
1057,Danno Ferrin
1057,ifdefelse
1057,ifdefelse
1057,ifdefelse
1057,Nick Johnson
1062,Pandapip1
1062,eth-bot
1062,William Entriken
1062,PhyrexTsai
1066,Pandapip1
1066,eth-bot
1066,Micah Zoltu
1066,Alex Beregszaszi
1066,Alex Beregszaszi
1066,Brooklyn Zelenka
1066,William Entriken
1066,Brooklyn Zelenka
1066,Brooklyn Zelenka
1066,Brooklyn Zelenka
1066,Brooklyn Zelenka
1066,Brooklyn Zelenka
1066,Brooklyn Zelenka
1066,Leo Arias
1066,Brooklyn Zelenka
107,Gavin John
107,Pandapip1
107,eth-bot
107,Alex Beregszaszi
107,Ronan Sandford
107,Alex Beregszaszi
107,Jacques Dafflon
107,Nick Johnson
107,Nick Johnson
107,Nick Johnson
107,Nick Johnson
107,Nick Johnson
107,wighawag
107,wighawag
107,wighawag
1077,Pandapip1
1077,eth-bot
1077,Micah Zoltu
1077,William Entriken
1077,Ricardo Guilherme Schmidt
1077,Ricardo Guilherme Schmidt
1077,William Entriken
1077,Alex Beregszaszi
1077,Alex Beregszaszi
1077,Alex Van de Sande
1077,Lanre Ige
1077,Alex Van de Sande
1077,Alex Van de Sande
1078,Pandapip1
1078,eth-bot
1078,Micah Zoltu
1078,lightclient
1078,Alex Beregszaszi
1078,Alex Van de Sande
1078,Alex Van de Sande
1080,Pandapip1
1080,eth-bot
1080,Alex Beregszaszi
1080,misrab
1080,Alex Beregszaszi
1080,bradleat
1081,Pandapip1
1081,eth-bot
1081,Alex Beregszaszi
1081,Alex Beregszaszi
1081,Alex Beregszaszi
1081,Mark Beylin
1081,Mark Beylin
1087,Pandapip1
1087,eth-bot
1087,Alex Beregszaszi
1087,Wei Tang
1087,Nick Johnson
1087,Nick Johnson
1102,Pandapip1
1102,eth-bot
1102,Erik Marks
1102,Erik Marks
1102,Erik Marks
1102,Erik Marks
1102,Micah Zoltu
1102,Alex Beregszaszi
1102,Micah Zoltu
1102,Alex Beregszaszi
1102,Paul Bouchon
1102,Paul Bouchon
1102,Paul Bouchon
1102,Paul Bouchon
1102,Paul Bouchon
1102,Paul Bouchon
1102,Paul Bouchon
1102,Paul Bouchon
1102,Paul Bouchon
1102,Paul Bouchon
1102,Paul Bouchon
1102,Paul Bouchon
1102,Paul Bouchon
1102,Paul Bouchon
1102,Paul Bouchon
1102,Paul Bouchon
1108,Pandapip1
1108,Micah Zoltu
1108,Alex Beregszaszi
1108,Alex Beregszaszi
1108,Antonio Salazar Cardozo
1108,Antonio Salazar Cardozo
1108,Antonio Salazar Cardozo
1108,Alex Beregszaszi
1108,Antonio Salazar Cardozo
1108,Zachary James Williamson
1108,pdyraga
1108,Antonio Salazar Cardozo
1109,Pandapip1
1109,eth-bot
1109,Micah Zoltu
1109,Alex Beregszaszi
1109,Alex Beregszaszi
1109,Jordi Baylina
1109,Jordi Baylina
1109,Jordi Baylina
1109,Jordi Baylina
1123,Pandapip1
1123,lightclient
1123,lightclient
1123,Micah Zoltu
1123,Nick Gheorghita
1123,William Entriken
1123,Alex Beregszaszi
1123,Alex Beregszaszi
1123,William Entriken
1123,g. nicholas d'andrea
1123,g. nicholas d'andrea
1129,Pandapip1
1129,eth-bot
1129,Alex Beregszaszi
1129,ThunderDeliverer
1132,Pandapip1
1132,eth-bot
1132,William Entriken
1132,Nitika Goel
1132,Nitika Goel
1153,Danno Ferrin
1153,Moody Salem
1153,Moody Salem
1153,Moody Salem
1153,Moody Salem
1153,Pandapip1
1153,Moody Salem
1153,Moody Salem
1153,Moody Salem
1153,Pandapip1
1153,Moody Salem
1153,Moody Salem
1153,Watson Ladd
1153,Moody Salem
1153,Moody Salem
1153,eth-bot
1153,Alex Beregszaszi
1153,lightclient
1153,ledgerwatch
1154,Pandapip1
1154,lightclient
1154,Alan Lu
1154,Alex Beregszaszi
1154,Alan Lu
1154,Alan Lu
1154,Alan Lu
1155,cha0sg0d
1155,Sam Wilson
1155,Pandapip1
1155,lightclient
1155,Changhoon Lee
1155,Sebastian C. Bürgel
1155,Micah Zoltu
1155,Nick Mudge
1155,William Entriken
1155,William Entriken
1155,William Entriken
1155,Witek
1155,Andrew Cooke
1155,Witek
1155,Witek
1155,Andrew Cooke
1155,Witek
1155,Andrew Cooke
1155,Andrew Cooke
1155,Andrew Cooke
1155,Andrew Cooke
1155,Andrew Cooke
1155,Andrew Cooke
1155,Witek
1155,Andrew Cooke
1155,Andrew Cooke
1155,Andrew Cooke
1155,Andrew Cooke
1155,Andrew Cooke
1155,Andrew Cooke
1167,Pandapip1
1167,Alex Beregszaszi
1167,Alex Beregszaszi
1167,William Entriken
1167,Junseok Lee
1167,yarrumretep
1167,yarrumretep
1167,yarrumretep
1167,The Officious BokkyPooBah
1167,yarrumretep
1167,yarrumretep
1167,Nate Welch
1167,yarrumretep
1167,yarrumretep
1175,Pandapip1
1175,eth-bot
1175,lightclient
1175,Nitro888
1178,Pandapip1
1178,eth-bot
1178,Alex Beregszaszi
1178,achon22
1178,achon22
1185,Jim McDonald
1185,Jim McDonald
1185,Pandapip1
1185,eth-bot
1185,Jim McDonald
1185,Jim McDonald
1186,Pandapip1
1186,eth-bot
1186,Micah Zoltu
1186,Alex Beregszaszi
1186,lightclient
1186,Alex Beregszaszi
1186,Alex Beregszaszi
1186,Alex Beregszaszi
1186,Simon Jentzsch
1191,Pandapip1
1191,Alex Beregszaszi
1191,marianasoff
1191,lightclient
1191,Juliano Rizzo
1191,Juliano Rizzo
1191,Juliano Rizzo
1191,Juliano Rizzo
1191,Juliano Rizzo
1191,Juliano Rizzo
1191,Ilan
1191,Juliano Rizzo
1193,Pandapip1
1193,Ryan Ghods
1193,Micah Zoltu
1193,Erik Marks
1193,Bogdan Gusiev
1193,Erik Marks
1193,Erik Marks
1193,Erik Marks
1193,Erik Marks
1193,Erik Marks
1193,Erik Marks
1193,Erik Marks
1193,Erik Marks
1193,Ryan Ghods
1193,Erik Marks
1193,Erik Marks
1193,Erik Marks
1193,Erik Marks
1193,Enrique Ortiz
1193,Ryan Ghods
1193,Ryan Ghods
1193,Patricio Palladino
1193,Erik Marks
1193,Pedro Gomes
1193,Samuel Furter
1193,Alex Beregszaszi
1193,Fabian Vogelsteller
1193,Ryan Ghods
1193,Ryan Ghods
1193,Ryan Ghods
1202,xinbenlv
1202,xinbenlv
1202,Pandapip1
1202,xinbenlv
1202,Micah Zoltu
1202,xinbenlv
1202,xinbenlv
1202,Alex Beregszaszi
1202,Zainan Zhou
1202,Zainan Zhou
1203,Pandapip1
1203,eth-bot
1203,Micah Zoltu
1203,jeffishjeff
1207,Pandapip1
1207,eth-bot
1207,Xiaoyu Wang
1227,Pandapip1
1227,eth-bot
1227,Micah Zoltu
1227,SmeargleUsedFly
1234,Pandapip1
1234,Micah Zoltu
1234,Alex Beregszaszi
1234,Afri Schoedon
1234,Afri Schoedon
1234,Afri Schoedon
1234,Afri Schoedon
1240,Pandapip1
1240,lightclient
1240,Micah Zoltu
1240,Micah Zoltu
1240,Micah Zoltu
1240,Micah Zoltu
1261,Pandapip1
1261,eth-bot
1261,Micah Zoltu
1261,William Entriken
1261,William Entriken
1261,Lucas Cullen
1261,Lucas Cullen
1261,Alex Beregszaszi
1261,William Entriken
1261,Chaitanya Potti
1261,Chaitanya Potti
1261,Chaitanya Potti
1261,Chaitanya Potti
1261,Chaitanya Potti
1261,Chaitanya Potti
1271,flanagansteve
1271,Philippe Castonguay
1271,Pandapip1
1271,Philippe Castonguay
1271,Alex Beregszaszi
1271,Philippe Castonguay
1271,Ivo Georgiev
1271,Philippe Castonguay
1271,Philippe Castonguay
1271,Philippe Castonguay
1271,Philippe Castonguay
1271,Philippe Castonguay
1271,Philippe Castonguay
1271,Philippe Castonguay
1271,Micah Zoltu
1271,Alex Beregszaszi
1271,lightclient
1271,Fabian Vogelsteller
1271,Alex Beregszaszi
1271,Philippe Castonguay
1271,Leo Arias
1271,Philippe Castonguay
1271,Philippe Castonguay
1276,Pandapip1
1276,eth-bot
1276,Micah Zoltu
1276,William Entriken
1276,EOS Classic
1283,Pandapip1
1283,Alex Beregszaszi
1283,Alex Beregszaszi
1283,Lefteris Karapetsas
1283,Alex Beregszaszi
1283,Wei Tang
1283,Wei Tang
1283,Wei Tang
1283,Wei Tang
1283,Wei Tang
1283,Ayrat Badykov
1283,Wei Tang
1283,Wei Tang
1283,Wei Tang
1283,Wei Tang
1283,Wei Tang
1283,Wei Tang
1283,Wei Tang
1283,Wei Tang
1283,Wei Tang
1285,Pandapip1
1285,eth-bot
1285,Alex Beregszaszi
1285,Alex Beregszaszi
1285,benk10
1285,benk10
1285,benk10
1295,Pandapip1
1295,eth-bot
1295,Alex Beregszaszi
1295,atlanticcrypto
1295,Afri Schoedon
1295,atlanticcrypto
1319,Pandapip1
1319,eth-bot
1319,Micah Zoltu
1319,Nick Gheorghita
1319,William Entriken
1319,Nick Gheorghita
1319,Nick Gheorghita
1319,c-g-e-w-e-k-e-
1328,Pedro Gomes
1328,eth-bot
1328,Sam Wilson
1328,ligi
1328,Pandapip1
1328,eth-bot
1328,Pedro Gomes
1328,Pedro Gomes
1328,Pedro Gomes
1337,Pandapip1
1337,eth-bot
1337,lightclient
1337,lightclient
1344,Pandapip1
1344,Micah Zoltu
1344,Alex Beregszaszi
1344,Bryant Eisenbach
1344,Bryant Eisenbach
1344,Bryant Eisenbach
1344,William Entriken
1344,Bryant Eisenbach
1344,Bryant Eisenbach
1344,Bryant Eisenbach
1344,Bryant Eisenbach
1344,Paweł Bylica
1344,Bryant Eisenbach
1344,William Entriken
1344,Alex Beregszaszi
1344,Bryant Eisenbach
1344,Bryant Eisenbach
1344,Richard Meissner
1352,Pandapip1
1352,eth-bot
1352,Alex Beregszaszi
1352,Alex Beregszaszi
1352,Alex Beregszaszi
1352,Alex Beregszaszi
1355,lightclient
1355,lightclient
1355,Paweł Bylica
1355,Paweł Bylica
1355,Paweł Bylica
1355,Paweł Bylica
1363,Pandapip1
1363,lightclient
1363,Vittorio Minacori
1363,Vittorio Minacori
1363,Vittorio Minacori
1363,Vittorio Minacori
137,Micah Zoltu
137,William Entriken
137,William Entriken
137,William Entriken
137,Nielsen
137,Giuseppe Bertone
137,Nick Johnson
137,Nick Johnson
137,Nick Johnson
137,Nick Johnson
137,Nick Johnson
137,Nick Johnson
1380,Pandapip1
1380,eth-bot
1380,Alex Beregszaszi
1380,Alex Beregszaszi
1386,eth-bot
1386,William Entriken
1386,James Sangalli
1387,eth-bot
1387,William Entriken
1387,James Sangalli
1388,eth-bot
1388,William Entriken
1388,Alex Beregszaszi
1388,James Sangalli
140,Pandapip1
140,Alex Beregszaszi
140,Nick Johnson
140,Nick Johnson
140,Nick Johnson
140,Nick Johnson
140,Yoichi Hirai
140,Alex Beregszaszi
140,Yoichi Hirai
140,Yoichi Hirai
140,Yoichi Hirai
140,Yoichi Hirai
140,Yoichi Hirai
140,Alex Beregszaszi
140,Alex Beregszaszi
140,chriseth
140,cdetrio
141,Pandapip1
141,Alex Beregszaszi
141,Nick Johnson
141,Nick Johnson
141,Nick Johnson
141,Nick Savers
141,Alex Beregszaszi
1417,Pandapip1
1417,eth-bot
1417,Micah Zoltu
1417,Alex Beregszaszi
1417,Chaitanya Potti
1417,Angel Leon
1417,Chaitanya Potti
1418,William Entriken
1418,William Entriken
1418,William Entriken
1418,William Entriken
1418,William Entriken
1418,William Entriken
1438,Pandapip1
1438,eth-bot
1438,lightclient
1438,Nitro888
1444,frenchkebab
1444,Pandapip1
1444,eth-bot
1444,Micah Zoltu
1444,William Entriken
1444,Brooklyn Zelenka
1444,Brooklyn Zelenka
1444,Brooklyn Zelenka
145,Pandapip1
145,Alex Beregszaszi
145,Alex Beregszaszi
145,Alex Beregszaszi
145,Christoph Burgdorf
145,Alex Beregszaszi
145,Nick Johnson
145,winsvega
145,Nick Johnson
145,Nick Johnson
145,Nick Johnson
145,Paweł Bylica
145,Paweł Bylica
145,Paweł Bylica
145,Hudson Jameson
145,Alex Beregszaszi
145,Alex Beregszaszi
145,Alex Beregszaszi
145,Alex Beregszaszi
145,Alex Beregszaszi
145,Alex Beregszaszi
145,Alex Beregszaszi
145,Alex Beregszaszi
1450,Pandapip1
1450,eth-bot
1450,Micah Zoltu
1450,William Entriken
1450,William Entriken
1450,Alex Beregszaszi
1450,John Shiple
1450,triggering-event
1450,John Shiple
1459,lightclient
1459,eth-bot
1459,Pandapip1
1459,Martin Holst Swende
1459,eth-bot
1459,Micah Zoltu
1459,Alex Beregszaszi
1459,Felix Lange
1459,Felix Lange
1462,Pandapip1
1462,eth-bot
1462,Micah Zoltu
1462,William Entriken
1462,William Entriken
1462,Alex Beregszaszi
1462,Maxim
1470,Pandapip1
1470,eth-bot
1470,Alex Beregszaszi
1470,lightclient
1470,William Entriken
1470,Alex Beregszaszi
1470,thec00n
1470,thec00n
1474,Pandapip1
1474,eth-bot
1474,Abdelhamid Bakhta
1474,Erik Marks
1474,Micah Zoltu
1474,Shoaib Ahmed
1474,Erik Marks
1474,Zhihao Chen
1474,hjlee9182
1474,Alex Beregszaszi
1474,Charles Cooper
1474,Paul Bouchon
1482,Pandapip1
1482,eth-bot
1482,Alex Beregszaszi
1482,Maurelian
1484,Pandapip1
1484,eth-bot
1484,Micah Zoltu
1484,William Entriken
1484,Alex Beregszaszi
1484,Alex Beregszaszi
1484,Noah Zinsmeister
1484,Noah Zinsmeister
1484,Noah Zinsmeister
1484,Noah Zinsmeister
1484,Noah Zinsmeister
1484,Noah Zinsmeister
1485,Pandapip1
1485,eth-bot
1485,Micah Zoltu
1485,lightclient
1485,William Entriken
1485,Alex Beregszaszi
1485,Alex Beregszaszi
1485,Trustfarm-heart
1491,Pandapip1
1491,eth-bot
1491,Alex Beregszaszi
1491,William Entriken
1491,Alex Beregszaszi
1491,Nick Johnson
150,Micah Zoltu
150,Alex Beregszaszi
150,Paweł Bylica
150,Nick Johnson
150,Nick Johnson
150,Nick Johnson
150,James Ray
150,James Ray
150,James Ray
150,James Ray
150,James Ray
150,James Ray
150,James Ray
150,James Ray
150,cdetrio
150,cdetrio
150,cdetrio
1504,Pandapip1
1504,eth-bot
1504,lightclient
1504,Micah Zoltu
1504,William Entriken
1504,Frank.R.Wu
1504,Frank.R.Wu
152,Pandapip1
152,Alex Beregszaszi
152,Alex Beregszaszi
152,William Entriken
152,Alex Beregszaszi
152,William Entriken
152,Matt Luongo
152,Matt Luongo
152,Matt Luongo
1523,eth-bot
1523,Pandapip1
1523,Christoph Mussenbrock
1523,eth-bot
1523,Alex Beregszaszi
1523,Christoph Mussenbrock
1538,Pandapip1
1538,lightclient
1538,Micah Zoltu
1538,Alex Beregszaszi
1538,Nick Mudge
1538,Nick Mudge
1538,Nick Mudge
1538,Nick Mudge
155,Micah Zoltu
155,Micah Zoltu
155,Alex Beregszaszi
155,ligi
155,Nick Savers
155,Greg Colvin
155,ligi
155,Alex Beregszaszi
155,Alex Beregszaszi
155,Nick Savers
155,Erik van Rijn
155,Alex Beregszaszi
155,Nick Johnson
155,Nick Johnson
155,Nick Johnson
155,Yoichi Hirai
155,James Ray
155,James Ray
155,James Ray
155,James Ray
155,James Ray
155,James Ray
155,Micah Zoltu
155,cdetrio
155,cdetrio
155,cdetrio
155,cdetrio
1559,Pandapip1
1559,Pandapip1
1559,ethosdev
1559,Pooja Ranjan
1559,Micah Zoltu
1559,Tim Beiko
1559,William Entriken
1559,Alex Beregszaszi
1559,Micah Zoltu
1559,Alex Beregszaszi
1559,Alex Beregszaszi
1559,Micah Zoltu
1559,Martin Holst Swende
1559,Alex Beregszaszi
1559,Jochem Brouwer
1559,Martin Holst Swende
1559,lightclient
1559,lightclient
1559,Micah Zoltu
1559,lightclient
1559,Ratan (Rai) Sur
1559,Jochem Brouwer
1559,Tim Beiko
1559,lightclient
1559,Mister-Meeseeks
1559,Bas Nijholt
1559,misrab
1559,Micah Zoltu
1559,Andrew Parker
1559,Suriyaa Sundararuban
1571,Pandapip1
1571,eth-bot
1571,lightclient
1571,Alex Beregszaszi
1571,Alex Beregszaszi
1571,Andrea Lanfranchi
1577,Pandapip1
1577,eth-bot
1577,Filip Š
1577,pldespaigne
1577,Nick Johnson
1577,Nick Johnson
1577,Nick Johnson
1577,Dean Eigenmann
1577,Dean Eigenmann
1577,Nick Johnson
1577,Nick Johnson
1577,Dean Eigenmann
1577,Dean Eigenmann
158,Alex Beregszaszi
158,lightclient
158,lightclient
158,Alex Beregszaszi
158,Nick Johnson
158,Nick Johnson
158,Nick Johnson
158,Nick Johnson
158,Nick Johnson
158,cdetrio
158,cdetrio
158,cdetrio
1581,Pandapip1
1581,eth-bot
1581,Michele Balistreri
1581,Alex Beregszaszi
1581,Bitgamma
1581,Bitgamma
1588,Pandapip1
1588,eth-bot
1588,Micah Zoltu
1588,Ikmyeong Na
1588,Ikmyeong Na
1588,Ikmyeong Na
1588,Ikmyeong Na
1588,Ikmyeong Na
1588,Ikmyeong Na
1588,Ikmyeong Na
1588,Ikmyeong Na
1592,Pandapip1
1592,eth-bot
1592,Micah Zoltu
1592,William Entriken
1592,Cyril Lapinte
1592,Cyril Lapinte
160,Micah Zoltu
160,Alex Beregszaszi
160,Nick Johnson
160,Nick Johnson
160,Nick Johnson
160,James Ray
160,James Ray
160,James Ray
160,James Ray
160,cdetrio
160,cdetrio
161,William Entriken
161,William Entriken
161,Micah Zoltu
161,Nick Johnson
161,Nick Johnson
161,Nick Johnson
161,James Ray
161,James Ray
161,James Ray
161,cdetrio
161,cdetrio
161,cdetrio
161,cdetrio
1613,Pandapip1
1613,eth-bot
1613,Micah Zoltu
1613,lightclient
1613,lightclient
1613,Alex Beregszaszi
1613,William Entriken
1613,Alex Forshtat
1613,Alex Beregszaszi
1613,William Entriken
1613,Dror Tirosh
1613,yoav-tabookey
1613,Dror Tirosh
1613,yoav-tabookey
1616,Pandapip1
1616,eth-bot
1616,lightclient
1616,Alex Beregszaszi
1616,William Entriken
1616,Alex Beregszaszi
1616,0age
162,Pandapip1
162,Micah Zoltu
162,William Entriken
162,Nick Johnson
162,Alex Beregszaszi
162,William Entriken
162,Nick Johnson
162,Alex Van de Sande
162,Nick Johnson
162,Nick Johnson
162,nicksavers
162,maurelian
162,Nick Johnson
1620,Pandapip1
1620,eth-bot
1620,lightclient
1620,Alex Beregszaszi
1620,lightclient
1620,Alex Beregszaszi
1620,Paul Berg
1633,Pandapip1
1633,eth-bot
1633,billy rennekamp
165,Pandapip1
165,lightclient
165,Micah Zoltu
165,Micah Zoltu
165,Fabian Vogelsteller
165,Agustin Aguilar
165,Alex Beregszaszi
165,William Entriken
165,Greg Colvin
165,Junseok Lee
165,Alex Beregszaszi
165,Lev Dubinets
165,Nick Johnson
165,Nick Johnson
165,Nick Johnson
165,Nick Johnson
165,Nick Savers
165,William Entriken
165,William Entriken
165,William Entriken
165,William Entriken
165,William Entriken
165,William Entriken
165,William Entriken
165,William Entriken
165,William Entriken
165,William Entriken
165,William Entriken
165,William Entriken
165,William Entriken
1679,Pandapip1
1679,William Entriken
1679,Micah Zoltu
1679,lightclient
1679,lightclient
1679,Alex Beregszaszi
1679,Alex Beregszaszi
1679,Alex Beregszaszi
1679,William Entriken
1679,Danno Ferrin
1679,MrChico
1679,Tim Beiko
1679,James Hancock
1679,Alex Beregszaszi
1679,James Hancock
1679,cdetrio
1679,Alex Beregszaszi
1679,ledgerwatch
1679,Ronan Sandford
1679,Alex Beregszaszi
1679,Ronan Sandford
1679,Ronan Sandford
1679,Tom Brand
1679,A. F. Dudley
1679,Brooklyn Zelenka
1679,Wei Tang
1679,Remco Bloemen
1679,Zachary James Williamson
1679,Alex Beregszaszi
1679,Alex Beregszaszi
1681,Pandapip1
1681,eth-bot
1681,Alex Beregszaszi
1681,Martin Holst Swende
1682,Pandapip1
1682,lightclient
1682,Martin Holst Swende
170,Paweł Bylica
170,Micah Zoltu
170,Alex Beregszaszi
170,Nick Johnson
170,Nick Johnson
170,Nick Johnson
170,James Ray
170,James Ray
170,James Ray
170,James Ray
170,cdetrio
170,cdetrio
170,cdetrio
1702,Pandapip1
1702,Paweł Bylica
1702,Wei Tang
1702,Wei Tang
1702,Wei Tang
1702,Wei Tang
1702,Wei Tang
1702,Wei Tang
1702,Wei Tang
1702,Wei Tang
1702,Wei Tang
1702,Alex Beregszaszi
1702,Wei Tang
1702,Wei Tang
1702,Wei Tang
1702,Wei Tang
1702,Wei Tang
1702,Wei Tang
1706,Pandapip1
1706,Alex Beregszaszi
1706,lightclient
1706,lightclient
1706,Micah Zoltu
1706,Alex Beregszaszi
1706,Alex Forshtat
1706,Nick Savers
1706,Alex Beregszaszi
1706,alex-forshtat-tbk
1710,Pandapip1
1710,eth-bot
1710,Micah Zoltu
1710,Alex Beregszaszi
1710,Bruno Barbieri
1716,Pandapip1
1716,William Entriken
1716,Micah Zoltu
1716,Ev
1716,Alex Beregszaszi
1716,Marius van der Wijden
173,Pandapip1
173,Pandapip1
173,Nick Mudge
173,Alex Beregszaszi
173,Micah Zoltu
173,Nick Mudge
173,Nick Mudge
173,Nick Mudge
173,Nick Mudge
173,Nick Mudge
173,Nick Mudge
1753,Pandapip1
1753,eth-bot
1753,Tadashi
1753,William Entriken
1753,Lucas Cullen
1753,Lucas Cullen
1753,Lucas Cullen
1753,William Entriken
1753,Lucas Cullen
1761,Pandapip1
1761,eth-bot
1761,lightclient
1761,Micah Zoltu
1761,William Entriken
1761,William Entriken
1761,Witek
1761,William Entriken
1761,Witek
1767,Pandapip1
1767,eth-bot
1767,Adam Schmideg
1767,Adam Schmideg
1767,Nick Johnson
1767,Kris Shinn
1767,Nick Johnson
1767,Nick Johnson
1767,Nick Johnson
1775,Pandapip1
1775,eth-bot
1775,Micah Zoltu
1775,Alex Beregszaszi
1775,Vincent
1775,Vincent
1775,Vincent
1775,Vincent
1775,Alex Beregszaszi
1775,Alex Beregszaszi
1775,Vincent
1803,Pandapip1
1803,eth-bot
1803,Micah Zoltu
1803,Alex Beregszaszi
1803,Alex Beregszaszi
1803,Alex Beregszaszi
181,Pandapip1
181,Ilan
181,Nick Johnson
181,Nick Johnson
181,Nick Johnson
181,Nick Johnson
181,Nick Johnson
181,Nick Johnson
181,Nick Johnson
1812,Pandapip1
1812,eth-bot
1812,Micah Zoltu
1812,William Entriken
1812,Alex Beregszaszi
1812,Alex Beregszaszi
1812,Pelle Braendgaard
1820,Pandapip1
1820,lightclient
1820,Micah Zoltu
1820,Xinyang
1820,Francisco Giordano
1820,Jacques Dafflon
1820,Jacques Dafflon
1820,Jacques Dafflon
1820,Jacques Dafflon
1820,Jacques Dafflon
1822,frenchkebab
1822,Pandapip1
1822,eth-bot
1822,Gabriel Barros
1822,Patrick Gallagher
1822,Gabriel Barros
1822,Gabriel Barros
1822,Gabriel Barros
1822,Gabriel Barros
1822,Gabriel Barros
1829,Pandapip1
1829,eth-bot
1829,Micah Zoltu
1829,Alex Beregszaszi
1829,William Entriken
1829,Bryant Eisenbach
1829,Mohamed Abdulaziz
1829,Remco Bloemen
1844,Pandapip1
1844,eth-bot
1844,William Entriken
1844,Nick Johnson
1844,Nick Johnson
1872,Pandapip1
1872,eth-bot
1872,Alex Beregszaszi
1872,Danno Ferrin
1884,Pandapip1
1884,Micah Zoltu
1884,lightclient
1884,Alex Beregszaszi
1884,Alex Beregszaszi
1884,Martin Holst Swende
1884,William Entriken
1884,Martin Holst Swende
1884,Martin Holst Swende
1884,Martin Holst Swende
1884,Alex Beregszaszi
1884,Martin Holst Swende
1890,Pandapip1
1890,Pooja Ranjan
1890,Lane Rettig
1895,Pandapip1
1895,eth-bot
1895,Alex Beregszaszi
1895,lightclient
1895,Alex Beregszaszi
1895,AlexandreBelling
1898,Sally MacFarlane
1898,Sally MacFarlane
1898,Pandapip1
1898,eth-bot
1898,Micah Zoltu
1898,Bryan Stitt
1898,Alex Beregszaszi
1898,Charles Cooper
1898,Charles Cooper
190,Micah Zoltu
190,William Entriken
190,William Entriken
190,Nick Savers
190,Nick Johnson
190,Nick Johnson
190,Nick Johnson
190,Nick Johnson
190,Nick Savers
190,Hudson Jameson
190,Hudson Jameson
190,Nick Johnson
190,Piper Merriam
190,Piper Merriam
1900,Pandapip1
1900,eth-bot
1900,Loredana Cirstea
1901,Pandapip1
1901,eth-bot
1901,Micah Zoltu
1901,Shane
1901,Shane
191,Yamen Merhi
191,Pandapip1
191,Drake Evans
191,lightclient
191,lightclient
191,lightclient
191,Micah Zoltu
191,Paul Berg
191,Leonid Logvinov
191,Nick Johnson
191,ligi
191,Nick Johnson
191,Nick Johnson
1921,Pandapip1
1921,eth-bot
1921,Micah Zoltu
1921,Loredana Cirstea
1922,Pandapip1
1922,eth-bot
1922,Micah Zoltu
1922,Alex Beregszaszi
1922,Alex Beregszaszi
1922,Duncan Westland
1923,Pandapip1
1923,eth-bot
1923,Micah Zoltu
1923,Alex Beregszaszi
1923,Duncan Westland
1930,Pandapip1
1930,Pandapip1
1930,eth-bot
1930,Micah Zoltu
1930,Alex Beregszaszi
1930,William Entriken
1930,Ronan Sandford
1930,Ronan Sandford
1930,Ronan Sandford
1930,Alex Beregszaszi
1930,Ronan Sandford
1948,Pandapip1
1948,eth-bot
1948,Micah Zoltu
1948,Johann Barbie
1959,Pandapip1
1959,eth-bot
1959,Micah Zoltu
1959,Ronan Sandford
196,Pandapip1
196,ligi
196,lightclient
196,Nick Johnson
196,Nick Johnson
196,Nick Johnson
196,Yoichi Hirai
196,Yoichi Hirai
1962,Pandapip1
1962,eth-bot
1962,Micah Zoltu
1962,Alexander
1962,Alexander
1965,Pandapip1
1965,eth-bot
1965,Micah Zoltu
1965,William Entriken
1965,Ronan Sandford
1965,Ronan Sandford
1967,Pandapip1
1967,Alex Beregszaszi
1967,Hadrien Croubois
1967,Pandapip1
1967,Sam Wilson
1967,Santiago Palladino
1967,Santiago Palladino
1967,Santiago Palladino
1967,Santiago Palladino
1967,Santiago Palladino
1967,Hadrien Croubois
1967,Hadrien Croubois
1967,Micah Zoltu
1967,Alex Beregszaszi
1967,Santiago Palladino
197,Pandapip1
197,lightclient
197,Nick Savers
197,Nick Johnson
197,Nick Johnson
197,Nick Johnson
197,Yoichi Hirai
197,Yoichi Hirai
197,Yoichi Hirai
197,Yoichi Hirai
197,Yoichi Hirai
197,chriseth
197,Yoichi Hirai
197,Yoichi Hirai
1973,eth-bot
1973,lightclient
1973,William Entriken
1973,Alex Beregszaszi
1973,Lee Raj
198,Pandapip1
198,William Entriken
198,Noel Maersk
198,Noel Maersk
198,Nick Savers
198,vbuterin
1985,Pandapip1
1985,eth-bot
1985,Micah Zoltu
1985,William Entriken
1985,Alex Beregszaszi
1985,Paweł Bylica
1985,Alex Beregszaszi
1996,Pandapip1
1996,eth-bot
1996,Micah Zoltu
1996,Daniel Lehrner
2,William Entriken
2,Micah Zoltu
2,Alex Beregszaszi
2,Nick Johnson
2,Nick Johnson
2,Nick Johnson
2,James Ray
2,James Ray
2,James Ray
2,James Ray
2,cdetrio
2,cdetrio
20,Pandapip1
20,lightclient
20,William Entriken
20,Giuseppe Bertone
20,Bruno Škvorc
20,Clément Lesaege
20,Adrian Ciurdărean
20,knarfeh
20,Nick Johnson
20,Nick Johnson
20,Nick Johnson
20,Nick Johnson
20,Rikard Hjort
20,Mandar Vaze
20,Yoichi Hirai
2003,Pandapip1
2003,eth-bot
2003,Micah Zoltu
2003,Paweł Bylica
2003,Paweł Bylica
2009,Pandapip1
2009,eth-bot
2009,Micah Zoltu
2009,lightclient
2009,William Entriken
2009,Daniel Lehrner
2014,Pandapip1
2014,eth-bot
2014,Micah Zoltu
2014,Alex Beregszaszi
2014,Alex Beregszaszi
2015,Gavin John
2015,Gavin John
2015,Pandapip1
2015,eth-bot
2015,Erik Marks
2015,Pedro Gomes
2015,Micah Zoltu
2015,Alex Beregszaszi
2015,Pedro Gomes
2018,Pandapip1
2018,eth-bot
2018,Micah Zoltu
2018,Daniel Lehrner
2019,Pandapip1
2019,eth-bot
2019,Micah Zoltu
2019,Daniel Lehrner
2020,Pandapip1
2020,eth-bot
2020,Micah Zoltu
2020,William Entriken
2020,Daniel Lehrner
2021,Pandapip1
2021,eth-bot
2021,Micah Zoltu
2021,Daniel Lehrner
2025,Pandapip1
2025,James Hancock
2025,Micah Zoltu
2025,Alex Beregszaszi
2025,lightclient
2025,William Entriken
2025,James Hancock
2025,James Hancock
2025,James Hancock
2026,Pandapip1
2026,eth-bot
2026,Alex Beregszaszi
2026,ledgerwatch
2027,Pandapip1
2027,eth-bot
2027,Alex Beregszaszi
2027,ledgerwatch
2028,Pandapip1
2028,William Entriken
2028,Alex Beregszaszi
2028,William Entriken
2028,William Entriken
2028,Tom Brand
2028,Tom Brand
2028,Tom Brand
2028,Alex Beregszaszi
2028,Tom Brand
2029,Pandapip1
2029,eth-bot
2029,Micah Zoltu
2029,Alex Beregszaszi
2029,ledgerwatch
2031,Pandapip1
2031,eth-bot
2031,Micah Zoltu
2031,Alex Beregszaszi
2031,ledgerwatch
2035,Pandapip1
2035,eth-bot
2035,Micah Zoltu
2035,Alex Beregszaszi
2035,ledgerwatch
2045,Pandapip1
2045,eth-bot
2045,Micah Zoltu
2045,William Entriken
2045,cdetrio
2046,Pandapip1
2046,eth-bot
2046,Micah Zoltu
2046,Alex Beregszaszi
205,Pandapip1
205,eth-bot
205,William Entriken
205,Nick Johnson
2069,Pandapip1
2069,eth-bot
2069,Alex Beregszaszi
2070,Pandapip1
2070,eth-bot
2070,Mikhail Melnik
2070,Alex Beregszaszi
2070,Micah Zoltu
2070,Pooja Ranjan
2070,Alex Beregszaszi
2070,Pooja Ranjan
2070,Alex Beregszaszi
2098,Pandapip1
2098,William Schwab
2098,Richard Moore
2098,Richard Moore
2098,Alita Moore
2098,eth-bot
2098,Richard Moore
2098,Micah Zoltu
2098,William Entriken
2098,Richard Moore
210,eth-bot
210,Alex Beregszaszi
210,Paweł Bylica
210,Nick Savers
210,vbuterin
211,Pandapip1
211,lightclient
211,Nick Johnson
211,Nick Johnson
211,Nick Johnson
211,Nick Johnson
211,Nick Johnson
211,Nick Johnson
211,Yoichi Hirai
211,Yoichi Hirai
211,Yoichi Hirai
211,Yoichi Hirai
211,Yoichi Hirai
211,Yoichi Hirai
211,Yoichi Hirai
2124,Pandapip1
2124,Pooja Ranjan
2124,Micah Zoltu
2124,James Hancock
2124,Péter Szilágyi
2124,Péter Szilágyi
2135,xinbenlv
2135,xinbenlv
2135,xinbenlv
2135,xinbenlv
2135,Pandapip1
2135,xinbenlv
2135,Micah Zoltu
2135,William Entriken
2135,xinbenlv
214,Pandapip1
214,lightclient
214,Nick Johnson
214,Nick Johnson
214,Nick Johnson
214,chriseth
214,Yoichi Hirai
214,Yoichi Hirai
214,Yoichi Hirai
2157,Pandapip1
2157,eth-bot
2157,William Entriken
2157,Loredana Cirstea
2159,Pandapip1
2159,Alex Beregszaszi
2159,Adrian Sutton
2159,Adrian Sutton
2159,Adrian Sutton
2159,Adrian Sutton
2159,Adrian Sutton
2159,Adrian Sutton
2193,Pandapip1
2193,eth-bot
2193,Micah Zoltu
2193,lightclient
2193,William Entriken
2193,Loredana Cirstea
2200,Pandapip1
2200,William Entriken
2200,Micah Zoltu
2200,Alex Beregszaszi
2200,William Entriken
2200,Wei Tang
2228,Pandapip1
2228,William Entriken
2228,William Entriken
2228,William Entriken
2228,William Entriken
2228,William Entriken
2228,William Entriken
2228,William Entriken
2228,William Entriken
2228,William Entriken
223,Dexaran
223,Dexaran
223,Dexaran
223,Dexaran
2242,Pandapip1
2242,eth-bot
2242,Micah Zoltu
2242,John Adler
225,Alex Beregszaszi
225,Pandapip1
225,Holger Drewes
225,Ev
225,Talha Cross
225,jwasinger
225,Péter Szilágyi
2255,Gavin John
2255,Gavin John
2255,Gavin John
2255,Pandapip1
2255,Pandapip1
2255,Pandapip1
2255,Pandapip1
2255,Pandapip1
2255,Pandapip1
2255,eth-bot
2255,Erik Marks
2255,Alberto Cuesta Cañada
2255,sherbst
2255,Micah Zoltu
2255,Erik Marks
2255,William Entriken
2255,William Entriken
2255,Dan Finlay
2256,Pandapip1
2256,eth-bot
2256,Micah Zoltu
2256,Loredana Cirstea
2266,Pandapip1
2266,Pandapip1
2266,Alex Beregszaszi
2266,HAOYUatHZ
2266,HAOYUatHZ
2266,HAOYUatHZ
2266,Alex Beregszaszi
2266,William Entriken
2266,HAOYUatHZ
2294,xinbenlv
2294,xinbenlv
2294,xinbenlv
2304,Pandapip1
2304,eth-bot
2304,Micah Zoltu
2304,William Entriken
2304,Nick Johnson
2304,Nick Johnson
2304,Nick Johnson
2304,Nick Johnson
2304,Nick Johnson
2309,Pandapip1
2309,robzizo
2309,pix16
2309,Micah Zoltu
2309,pizzarob
2309,Alex Beregszaszi
2309,pizzarob
2309,Alex Beregszaszi
2309,pizzarob
2309,pizza-r0b
2309,Alex Beregszaszi
2309,pizza-r0b
2315,Greg Colvin
2315,Radek
2315,Greg Colvin
2315,Greg Colvin
2315,Greg Colvin
2315,Greg Colvin
2315,Greg Colvin
2315,Greg Colvin
2315,Greg Colvin
2315,Greg Colvin
2315,Greg Colvin
2315,Greg Colvin
2315,Greg Colvin
2315,Greg Colvin
2315,Greg Colvin
2315,Greg Colvin
2315,Greg Colvin
2315,Greg Colvin
2315,Pandapip1
2315,Greg Colvin
2315,Greg Colvin
2315,Greg Colvin
2315,Greg Colvin
2315,Greg Colvin
2315,Greg Colvin
2315,Greg Colvin
2315,Greg Colvin
2315,Greg Colvin
2315,Greg Colvin
2315,Greg Colvin
2327,Pandapip1
2327,eth-bot
2327,chriseth
2327,Micah Zoltu
2327,Alex Beregszaszi
2327,MrChico
233,Pandapip1
233,eth-bot
233,Micah Zoltu
233,William Entriken
233,Alex Beregszaszi
233,Boris Mann
233,Alex Beregszaszi
233,Alex Beregszaszi
233,Alex Beregszaszi
233,Alex Beregszaszi
233,Alex Beregszaszi
233,Alex Beregszaszi
233,Alex Beregszaszi
2330,eth-bot
2330,soham
2330,Pandapip1
2330,eth-bot
2330,Alex Beregszaszi
2330,Dominic Letz
2330,Dominic Letz
2330,Dominic Letz
2333,Pandapip1
2333,eth-bot
2333,Jean-Philippe Aumasson
2333,Mamy Ratsimbazafy
2333,Carl Beekhuizen
2333,Carl Beekhuizen
2333,Carl Beekhuizen
2333,Carl Beekhuizen
2333,Alex Beregszaszi
2333,Kirk Baird
2333,Carl Beekhuizen
2333,Carl Beekhuizen
2334,eth-bot
2334,Pandapip1
2334,Tadashi
2334,Jean-Philippe Aumasson
2334,Micah Zoltu
2334,Carl Beekhuizen
2334,Carl Beekhuizen
2335,David Hermann Brandt
2335,Pandapip1
2335,eth-bot
2335,Micah Zoltu
2335,Carl Beekhuizen
2335,Kirk Baird
2335,Carl Beekhuizen
234,Pandapip1
234,lightclient
234,Micah Zoltu
234,Alex Beregszaszi
234,Micah Zoltu
234,Micah Zoltu
234,Micah Zoltu
234,Nick Johnson
234,Nick Johnson
234,Nick Johnson
234,Micah Zoltu
2364,Pandapip1
2364,Pandapip1
2364,Tim Beiko
2364,Tim Beiko
2364,eth-bot
2364,Micah Zoltu
2364,Péter Szilágyi
2378,Pandapip1
2378,eth-bot
2378,Alex Beregszaszi
2378,lightclient
2378,Tim Beiko
2378,Tim Beiko
2378,James Hancock
2384,Pandapip1
2384,Micah Zoltu
2384,Nick Savers
2384,Andrew
2384,Alex Beregszaszi
2384,William Entriken
2384,James Hancock
2384,econoar
2386,Pandapip1
2386,eth-bot
2386,Jim McDonald
2387,Pandapip1
2387,Micah Zoltu
2387,Nick Savers
2387,James Hancock
2387,James Hancock
2387,William Entriken
2387,William Entriken
2387,James Hancock
2387,James Hancock
2390,Pandapip1
2390,eth-bot
2390,James Choncholas
2400,eth-bot
2400,Ricardo Guilherme Schmidt
2400,Pandapip1
2400,eth-bot
2400,Micah Zoltu
2400,Ricardo Guilherme Schmidt
2458,Pandapip1
2458,Edson Ayllon
2458,Alex Beregszaszi
2458,lightclient
2458,Edson Ayllon
2458,Edson Ayllon
2464,Pandapip1
2464,Pandapip1
2464,Tim Beiko
2464,Tim Beiko
2464,eth-bot
2464,Péter Szilágyi
2470,Alex Beregszaszi
2470,Pandapip1
2470,eth-bot
2470,Micah Zoltu
2470,lightclient
2470,Ricardo Guilherme Schmidt
2474,Pandapip1
2474,eth-bot
2474,Ricardo Guilherme Schmidt
2477,Pandapip1
2477,eth-bot
2477,William Entriken
2477,Micah Zoltu
2477,lightclient
2477,William Entriken
2477,William Entriken
2477,William Entriken
2481,Marius van der Wijden
2481,Pandapip1
2481,Alex Beregszaszi
2481,Pooja Ranjan
2481,Ratan (Rai) Sur
2481,Martin Holst Swende
2481,Christoph Burgdorf
2481,Alex Beregszaszi
2481,Christoph Burgdorf
2488,Pandapip1
2488,eth-bot
2488,Micah Zoltu
2488,Alex Beregszaszi
2494,Alex Beregszaszi
2494,Pandapip1
2494,eth-bot
2494,Marta Bellés
2494,Marta Bellés
2515,Pandapip1
2515,eth-bot
2515,lightclient
2515,James Hancock
2520,Pandapip1
2520,eth-bot
2520,Filip Š
2525,eth-bot
2525,Micah Zoltu
2525,lightclient
2525,Hadrien Croubois
2535,Nick Mudge
2535,Nick Mudge
2535,Nick Mudge
2535,Nick Mudge
2535,Nick Mudge
2535,Nick Mudge
2535,Nick Mudge
2535,Nick Mudge
2535,Nick Mudge
2535,Nick Mudge
2535,Nick Mudge
2535,Nick Mudge
2535,Nick Mudge
2535,Pandapip1
2535,Nick Mudge
2535,Nick Mudge
2535,Alex Beregszaszi
2535,Mohamed Abdulaziz
2535,Nick Mudge
2535,Nick Mudge
2535,Nick Mudge
2535,Nick Mudge
2535,Nick Mudge
2535,Nick Mudge
2535,Nick Mudge
2535,Nick Mudge
2535,Nick Mudge
2535,Nick Mudge
2535,Nick Mudge
2535,Nick Mudge
2537,Antonio Sanso
2537,Pandapip1
2537,eth-bot
2537,Alexander
2537,Alexander
2537,Alexander
2537,Alexander
2537,Alex Beregszaszi
2537,Paul Miller
2537,Alexander
2537,Alexander
2537,Erik Marks
2537,Alexander
2539,Pandapip1
2539,eth-bot
2539,Alexander
2539,Alexander
2539,Alexander
2539,Alexander
2542,Pandapip1
2542,eth-bot
2542,Alex Beregszaszi
2542,Alex Forshtat
2544,eth-bot
2544,Pandapip1
2544,Nick Johnson
2544,eth-bot
2544,Sam Richards
2544,0age
2565,Pandapip1
2565,Kelly Olson
2565,Kelly Olson
2565,Micah Zoltu
2565,Kelly Olson
2565,lightclient
2565,Kelly Olson
2566,Pandapip1
2566,eth-bot
2566,Eric Winer
2566,Joey Stockermans
2569,eth-bot
2569,Pandapip1
2569,lemontreeran
2569,eth-bot
2569,Derek周朝晖
2569,Derek周朝晖
2569,Derek周朝晖
2569,Derek周朝晖
2569,Derek周朝晖
2583,Pandapip1
2583,eth-bot
2583,Micah Zoltu
2583,Martin Holst Swende
2583,Martin Holst Swende
2584,Pandapip1
2584,eth-bot
2584,Guillaume Ballet
2593,Pandapip1
2593,eth-bot
2593,Dan Finlay
2612,zakrad
2612,Francisco
2612,Francisco
2612,Pandapip1
2612,Francisco Giordano
2612,William Schwab
2612,eth-bot
2612,MrChico
2612,MrChico
2612,Micah Zoltu
2612,Alex Beregszaszi
2612,MrChico
2615,Pandapip1
2615,eth-bot
2615,lightclient
2615,Kohshi Shiba
2645,Pandapip1
2645,0xfawkes
2645,eth-bot
2645,ligi
2645,louisguthmannStarkWare
2657,Pandapip1
2657,eth-bot
2657,lightclient
2657,James Hancock
2666,Pandapip1
2666,eth-bot
2666,Alexander
2677,Alex Beregszaszi
2677,Pandapip1
2677,eth-bot
2677,Alex Beregszaszi
2677,Micah Zoltu
2677,Martin Holst Swende
2678,Pandapip1
2678,Alex Beregszaszi
2678,Nick Gheorghita
2678,Nick Gheorghita
2678,ligi
2678,Nick Gheorghita
2678,Nick Gheorghita
2678,Nick Gheorghita
2678,Nick Gheorghita
2678,Nick Gheorghita
2678,Nick Gheorghita
2678,Micah Zoltu
2678,Nick Gheorghita
2680,Pandapip1
2680,eth-bot
2680,ligi
2680,Jim McDonald
2681,Pandapip1
2681,Andrei Maiboroda
2681,Alex Beregszaszi
2681,Alex Beregszaszi
2681,lightclient
2681,lightclient
2681,Micah Zoltu
2681,Alex Beregszaszi
2696,Pandapip1
2696,Micah Zoltu
2696,Micah Zoltu
2696,Micah Zoltu
2696,Micah Zoltu
2700,Pandapip1
2700,Micah Zoltu
2700,Micah Zoltu
2700,Micah Zoltu
2700,Micah Zoltu
2711,Pandapip1
2711,Micah Zoltu
2711,Alex Beregszaszi
2711,Micah Zoltu
2711,lightclient
2711,Micah Zoltu
2711,Micah Zoltu
2711,Micah Zoltu
2711,Micah Zoltu
2711,Micah Zoltu
2711,Micah Zoltu
2711,Micah Zoltu
2711,Micah Zoltu
2711,Micah Zoltu
2711,Micah Zoltu
2711,Micah Zoltu
2711,Micah Zoltu
2711,Micah Zoltu
2711,Micah Zoltu
2711,Micah Zoltu
2718,Medard Mandane
2718,Pandapip1
2718,David Bieber
2718,Alex Beregszaszi
2718,Micah Zoltu
2718,Micah Zoltu
2718,meowsbits
2718,misrab
2718,Pooja Ranjan
2718,Micah Zoltu
2718,Micah Zoltu
2718,Micah Zoltu
2718,Micah Zoltu
2718,Micah Zoltu
2718,Micah Zoltu
2718,Micah Zoltu
2718,Micah Zoltu
2718,lightclient
2718,Micah Zoltu
2718,Micah Zoltu
2718,Micah Zoltu
2718,Micah Zoltu
2718,Micah Zoltu
2718,Micah Zoltu
2718,Micah Zoltu
2718,Micah Zoltu
2733,Pandapip1
2733,lightclient
2733,eth-bot
2733,lightclient
2733,lightclient
2733,lightclient
2733,lightclient
2733,Micah Zoltu
2733,lightclient
2733,lightclient
2746,Pandapip1
2746,eth-bot
2746,Micah Zoltu
2746,lightclient
2746,jaerith
2746,lightclient
2746,jaerith
2746,jaerith
2746,jaerith
2767,Pandapip1
2767,eth-bot
2767,soham
2767,Alex Beregszaszi
2767,lightclient
2767,soham
2770,Pandapip1
2770,eth-bot
2770,Alex Forshtat
2771,Pandapip1
2771,Pandapip1
2771,Dror Tirosh
2771,Pandapip1
2771,Pandapip1
2771,Pandapip1
2771,Pandapip1
2771,Pandapip1
2771,eth-bot
2771,SuryaSJit
2771,Dror Tirosh
2771,Liraz Siri
2771,Liraz Siri
2771,lightclient
2771,Liraz Siri
2771,Alex Forshtat
2780,Pandapip1
2780,Pooja Ranjan
2780,lightclient
2780,Uri Klarman
2780,lightclient
2786,Pandapip1
2786,Alex Beregszaszi
2786,Micah Zoltu
2786,Micah Zoltu
2786,Erik Marks
2786,Micah Zoltu
2786,Micah Zoltu
2803,Pandapip1
2803,eth-bot
2803,Micah Zoltu
2803,Micah Zoltu
2831,Pandapip1
2831,eth-bot
2831,Pedro Gomes
2831,Gregory Markou
2831,Gregory Markou
2831,Gregory Markou
2831,Gregory Markou
2831,Balaji Shetty Pachai
2831,Gregory Markou
2844,Pandapip1
2844,eth-bot
2844,Joel Thorstensson
2844,Joel Thorstensson
2844,Alex Beregszaszi
2844,Joel Thorstensson
2848,Pandapip1
2848,eth-bot
2848,Giuseppe Bertone
2848,Giuseppe Bertone
2848,Giuseppe Bertone
2848,Giuseppe Bertone
2848,Giuseppe Bertone
2848,Giuseppe Bertone
2848,Giuseppe Bertone
2876,Pandapip1
2876,eth-bot
2876,Alex Beregszaszi
2876,Jonathan Underwood
2876,Jonathan Underwood
2917,Pandapip1
2917,eth-bot
2917,Süleyman Kardaş
2926,Pandapip1
2926,eth-bot
2926,Sina Mahmoodi
2926,Micah Zoltu
2926,Alex Beregszaszi
2926,Sina Mahmoodi
2929,Paul Razvan Berg
2929,Pandapip1
2929,vbuterin
2929,Nicolás Venturo
2929,Martin Holst Swende
2929,Vie
2929,Pooja Ranjan
2929,Martin Holst Swende
2929,Martin Holst Swende
2929,Micah Zoltu
2929,Martin Holst Swende
2929,Martin Holst Swende
2929,vbuterin
2929,vbuterin
2929,vbuterin
2930,Paul Razvan Berg
2930,Pandapip1
2930,Afr Schoe
2930,Micah Zoltu
2930,vbuterin
2930,Martin Holst Swende
2930,Micah Zoltu
2930,Micah Zoltu
2930,Micah Zoltu
2930,Micah Zoltu
2930,Micah Zoltu
2930,lightclient
2930,vbuterin
2935,Pandapip1
2935,eth-bot
2935,Pooja Ranjan
2935,Tomasz Kajetan Stańczak
2935,vbuterin
2935,vbuterin
2936,Pandapip1
2936,eth-bot
2936,Alex Beregszaszi
2936,William Morriss
2937,Pandapip1
2937,eth-bot
2937,vbuterin
2938,Pandapip1
2938,eth-bot
2938,Lane Rettig
2938,Sam Wilson
2938,Ansgar Dietrichs
2938,vbuterin
2942,Pandapip1
2942,eth-bot
2942,Nick Gheorghita
2970,Pandapip1
2970,eth-bot
2970,vbuterin
2972,Pandapip1
2972,Micah Zoltu
2972,Micah Zoltu
2972,Micah Zoltu
2972,Micah Zoltu
2972,Micah Zoltu
2972,Micah Zoltu
2976,lightclient
2976,Pandapip1
2976,Alex Beregszaszi
2976,Micah Zoltu
2976,Micah Zoltu
2976,Micah Zoltu
2976,Micah Zoltu
2976,Micah Zoltu
2976,Micah Zoltu
2976,Micah Zoltu
2980,eth-bot
2980,Pandapip1
2980,Perlets9
2980,eth-bot
2980,Perlets9
2981,Pandapip1
2981,Cliff Hall
2981,Blaine Malone
2981,Blaine Malone
2981,Blaine Malone
2981,Blaine Malone
2981,Blaine Malone
2981,Blaine Malone
2981,James Seibel
2981,James Seibel
2981,James Seibel
2981,James Seibel
2981,James Seibel
2981,James Seibel
2981,Blaine Malone
2981,VexyCats
2981,VexyCats
2982,Danny Ryan
2982,Pandapip1
2982,Alex Beregszaszi
2982,Danny Ryan
2982,Pooja Ranjan
2982,Danny Ryan
2982,Danny Ryan
2997,Pandapip1
2997,eth-bot
2997,Sergio
3,lightclient
3,Alex Beregszaszi
3,Alex Beregszaszi
3,Alex Beregszaszi
3,MattLongCT
3,Nick Johnson
3,Nick Johnson
3,Nick Johnson
3,zaq1tomo
3,zaq1tomo
3,zaq1tomo
3,zaq1tomo
3,zaq1tomo
3,zaq1tomo
3,zaq1tomo
3000,Alex Beregszaszi
3000,Pandapip1
3000,eth-bot
3000,Jorge Izquierdo
3000,Jorge Izquierdo
3005,Pandapip1
3005,eth-bot
3005,defifuture
3005,defifuture
3009,Pandapip1
3009,eth-bot
3009,Peter Jihoon Kim
3009,lightclient
3009,Peter Jihoon Kim
3014,Pandapip1
3014,eth-bot
3014,Alex Beregszaszi
3014,Peter Grassberger
3014,Peter Grassberger
3026,Pandapip1
3026,Pandapip1
3026,eth-bot
3026,Youssef El Housni
3030,Pandapip1
3030,eth-bot
3030,Herman Junge
3030,Herman Junge
3041,Pandapip1
3041,eth-bot
3041,Abdelhamid Bakhta
3041,Abdelhamid Bakhta
3044,Pandapip1
3044,eth-bot
3044,Abdelhamid Bakhta
3044,Abdelhamid Bakhta
3045,Pandapip1
3045,eth-bot
3045,Abdelhamid Bakhta
3045,Abdelhamid Bakhta
3046,Pandapip1
3046,eth-bot
3046,Abdelhamid Bakhta
3046,Abdelhamid Bakhta
3068,Pandapip1
3068,eth-bot
3068,chgormanMH
3074,lightclient
3074,eth-bot
3074,Sam Wilson
3074,Pandapip1
3074,Sam Wilson
3074,lightclient
3074,lightclient
3074,Micah Zoltu
3074,Sam Wilson
3074,Ansgar Dietrichs
3074,Sam Wilson
3074,Daniel Luca
3074,Sam Wilson
3074,lightclient
3074,Sam Wilson
3074,lightclient
3074,Ansgar Dietrichs
3074,lightclient
3074,lightclient
3074,lightclient
3074,lightclient
3074,Ansgar Dietrichs
3074,Sam Wilson
3074,Sam Wilson
3074,Sam Wilson
3074,Sam Wilson
3074,Sam Wilson
3074,Sam Wilson
3074,Sam Wilson
3074,Sam Wilson
3076,Pandapip1
3076,Alex Beregszaszi
3076,Michael Sproul
3076,Michael Sproul
3076,Sacha Saint-Leger
3085,Pandapip1
3085,eth-bot
3085,Erik Marks
3085,Erik Marks
3085,Erik Marks
3085,Erik Marks
3085,Erik Marks
3085,Erik Marks
3091,Pandapip1
3091,eth-bot
3091,ligi
3091,Pedro Gomes
3102,Pandapip1
3102,Guillaume Ballet
3102,Guillaume Ballet
3102,Guillaume Ballet
3102,Guillaume Ballet
3102,Guillaume Ballet
3135,Pandapip1
3135,eth-bot
3135,Ungigdu
3135,Ungigdu
3143,Pandapip1
3143,eth-bot
3143,Terra854
3143,Terra854
3155,Pandapip1
3155,eth-bot
3155,Marius van der Wijden
3155,Marius van der Wijden
3156,Alex Beregszaszi
3156,David Brailovsky
3156,Pandapip1
3156,Rikard Hjort
3156,Alberto Cuesta Cañada
3156,Alberto Cuesta Cañada
3156,Fokion Zervoudakis
3156,Alberto Cuesta Cañada
3156,Alberto Cuesta Cañada
3156,Alberto Cuesta Cañada
3156,Alberto Cuesta Cañada
3156,Alberto Cuesta Cañada
3156,Alberto Cuesta Cañada
3156,Alberto Cuesta Cañada
3156,Alberto Cuesta Cañada
3156,Alberto Cuesta Cañada
3156,Alberto Cuesta Cañada
3156,Alberto Cuesta Cañada
3156,Alberto Cuesta Cañada
3198,Pandapip1
3198,Pooja Ranjan
3198,Alex Beregszaszi
3198,Abdelhamid Bakhta
3198,Abdelhamid Bakhta
3198,Abdelhamid Bakhta
3220,chaals
3220,Pandapip1
3220,Pandapip1
3220,eth-bot
3220,weijia31415
3224,eth-bot
3224,Pandapip1
3224,Richard Moore
3224,eth-bot
3224,Richard Moore
3234,Pandapip1
3234,eth-bot
3234,rictorlome
3234,Alberto Cuesta Cañada
3234,Alberto Cuesta Cañada
3234,Alberto Cuesta Cañada
3238,Pandapip1
3238,eth-bot
3238,Afr Schoe
3238,Afr Schoe
3267,Pandapip1
3267,Pandapip1
3267,eth-bot
3267,Micah Zoltu
3298,Pandapip1
3298,eth-bot
3298,vbuterin
3300,Pandapip1
3300,eth-bot
3300,William Morriss
3322,Pandapip1
3322,eth-bot
3322,William Morriss
3322,William Morriss
3326,Pandapip1
3326,eth-bot
3326,Erik Marks
3332,Pandapip1
3332,Chance Hudson
3336,Pandapip1
3336,eth-bot
3336,Nick Johnson
3337,Pandapip1
3337,eth-bot
3337,Nick Johnson
3338,Pandapip1
3338,Alex Beregszaszi
3338,Micah Zoltu
3338,Micah Zoltu
3338,Micah Zoltu
3338,Micah Zoltu
3338,Micah Zoltu
3368,Alex Beregszaszi
3368,eth-bot
3368,BitsBeTrippin_Official
3368,Micah Zoltu
3368,BitsBeTrippin_Official
3368,BitsBeTrippin_Official
3372,Pandapip1
3372,eth-bot
3372,mineruniter969
3374,Micah Zoltu
3374,query0x
3374,query0x
3382,Pandapip1
3382,Alex Beregszaszi
3382,Philippe Castonguay
3382,lightclient
3382,Philippe Castonguay
3382,Philippe Castonguay
3382,Philippe Castonguay
3386,Pandapip1
3386,eth-bot
3386,ashrowz
3403,Pandapip1
3403,eth-bot
3403,vbuterin
3416,Pandapip1
3416,eth-bot
3416,hexzorro
3416,hexzorro
3416,hexzorro
3416,hexzorro
3416,hexzorro
3416,hexzorro
3416,hexzorro
3416,hexzorro
3436,Pandapip1
3436,eth-bot
3436,Micah Zoltu
3436,Pooja Ranjan
3436,meowsbits
3436,Danno Ferrin
3436,Danno Ferrin
3440,Pandapip1
3440,eth-bot
3440,Nathan Ginnever
3448,Pandapip1
3448,Pandapip1
3448,pinkiebell
3448,pinkiebell
3448,pinkiebell
3448,pinkiebell
3448,pinkiebell
3450,Pandapip1
3450,eth-bot
3450,Daniel Streit
3455,William Morriss
3475,Dhruv Malik
3475,Dhruv Malik
3475,Pandapip1
3475,Dhruv Malik
3475,Dhruv Malik
3475,DHRUV
3475,DHRUV
3475,Pandapip1
3475,DHRUV
3475,drikssy
3475,Pandapip1
3475,sgmfinance
3475,sgmfinance
3508,Pandapip1
3508,eth-bot
3508,Alexander Papageorgiou
3508,Alexander Papageorgiou
3520,Pandapip1
3520,eth-bot
3520,Alexander Papageorgiou
3520,Alexander Papageorgiou
3521,Pandapip1
3521,eth-bot
3521,Franco Victorio
3521,lightclient
3525,Will42
3525,Joe Jordan
3525,smithereens
3525,will@solv.finance
3525,will@solv.finance
3525,will@solv.finance
3525,will@solv.finance
3525,will@solv.finance
3525,will@solv.finance
3525,will@solv.finance
3525,will@solv.finance
3525,will@solv.finance
3525,will@solv.finance
3525,will@solv.finance
3525,will@solv.finance
3525,Pandapip1
3525,will@solv.finance
3525,will@solv.finance
3529,Pandapip1
3529,Pooja Ranjan
3529,Alex Beregszaszi
3529,Alex Beregszaszi
3529,Paweł Bylica
3529,vbuterin
3534,Pandapip1
3534,eth-bot
3534,ia
3540,Paweł Bylica
3540,Paweł Bylica
3540,Paweł Bylica
3540,lightclient
3540,Paweł Bylica
3540,lightclient
3540,Hugo
3540,Ori Pomerantz
3540,Ori Pomerantz
3540,lightclient
3540,lightclient
3540,Paweł Bylica
3540,Paweł Bylica
3540,Andrei Maiboroda
3540,Paweł Bylica
3540,Andrei Maiboroda
3540,Andrei Maiboroda
3540,Hugo
3540,Paweł Bylica
3540,Paweł Bylica
3540,Paweł Bylica
3540,Pandapip1
3540,Alex Beregszaszi
3540,Paweł Bylica
3540,Holger Drewes
3540,Paweł Bylica
3540,Paweł Bylica
3540,Alex Beregszaszi
3540,Alex Beregszaszi
3540,Alex Beregszaszi
3541,Pandapip1
3541,Alex Beregszaszi
3541,Pooja Ranjan
3541,Alex Beregszaszi
3541,Martin Holst Swende
3541,Alex Beregszaszi
3541,Alex Beregszaszi
3541,Alex Beregszaszi
3554,Pandapip1
3554,Pooja Ranjan
3554,Spirin Vladimir
3554,James Hancock
3554,Alex Beregszaszi
3554,James Hancock
3554,James Hancock
3554,James Hancock
3561,Sam Porter
3561,Sam Porter
3561,Sam Porter
3561,Sam Porter
3561,Pandapip1
3561,eth-bot
3561,Sam Porter
3569,eth-bot
3569,Pandapip1
3569,lightclient
3569,pizzarob
3584,Alex Beregszaszi
3584,Pandapip1
3584,eth-bot
3584,g11tech
3584,g11tech
3584,g11tech
3589,Pandapip1
3589,eth-bot
3589,Ungigdu
3607,Alex Beregszaszi
3607,Pandapip1
3607,Marius van der Wijden
3607,dankrad
3607,dankrad
3607,Marius van der Wijden
3607,Marius van der Wijden
3607,Marius van der Wijden
3607,dankrad
3643,Pandapip1
3643,eth-bot
3643,Joachim
3651,Pooja Ranjan
3651,William Morriss
3651,William Morriss
3651,eth-bot
3651,Pandapip1
3651,William Morriss
3651,William Morriss
3651,Mikhail Melnik
3651,eth-bot
3651,William Morriss
3651,William Morriss
3668,Pandapip1
3668,Nick Johnson
3668,Nick Johnson
3668,Nick Johnson
3668,Nick Johnson
3668,Nick Johnson
3668,Nick Johnson
3668,Nick Johnson
3668,Nick Johnson
3668,Nick Johnson
3670,lightclient
3670,Paweł Bylica
3670,Paweł Bylica
3670,Paweł Bylica
3670,Andrei Maiboroda
3670,Paweł Bylica
3670,Andrei Maiboroda
3670,Pandapip1
3670,Andrei Maiboroda
3670,Alex Beregszaszi
3670,Alex Beregszaszi
3670,Alex Beregszaszi
3670,Alex Beregszaszi
3670,Alex Beregszaszi
3675,Mikhail Kalinin
3675,Mikhail Kalinin
3675,Mikhail Kalinin
3675,Pandapip1
3675,Mikhail Kalinin
3675,Mikhail Kalinin
3675,Mikhail Kalinin
3675,Mikhail Kalinin
3675,Mikhail Kalinin
3675,Mikhail Kalinin
3675,Mikhail Kalinin
3675,Tim Beiko
3675,Mikhail Kalinin
3675,Mikhail Kalinin
3675,Alex Stokes
3675,Alex Stokes
3675,Alex Stokes
3675,Danny Ryan
3675,George Kadianakis
3675,Danny Ryan
3675,Danny Ryan
3675,Mikhail Kalinin
3675,Mikhail Kalinin
3675,Mikhail Kalinin
3675,Mikhail Kalinin
3675,Alex Stokes
3675,Mikhail Kalinin
3675,Mikhail Kalinin
3675,Mikhail Kalinin
3690,frenchkebab
3690,Pandapip1
3690,eth-bot
3690,Alex Beregszaszi
3690,Alex Beregszaszi
3690,Alex Beregszaszi
3709,eth-bot
3709,Pandapip1
3709,Gregory Markou
3722,eth-bot
3722,Pandapip1
3722,Auryn Macmillan
3722,Auryn Macmillan
3754,eth-bot
3754,Pandapip1
3754,Simon Tian
3756,Pandapip1
3756,eth-bot
3756,ethosdev
3756,lightclient
3770,lukasschor
3770,Pandapip1
3770,lightclient
3770,lukasschor
3772,eth-bot
3772,Pandapip1
3772,soham
3779,Greg Colvin
3779,Pandapip1
3779,Greg Colvin
3779,Greg Colvin
3779,Greg Colvin
3779,Greg Colvin
3779,Greg Colvin
3779,Greg Colvin
3779,Andrei Maiboroda
3779,Greg Colvin
3779,Greg Colvin
3779,Greg Colvin
3779,Greg Colvin
3779,Alex Beregszaszi
3779,Andrei Maiboroda
3779,Greg Colvin
3779,Greg Colvin
3779,Greg Colvin
3779,Greg Colvin
3779,Greg Colvin
3779,Greg Colvin
3779,Greg Colvin
3779,Greg Colvin
3779,Greg Colvin
3779,Greg Colvin
3779,Greg Colvin
3779,Greg Colvin
3788,Pandapip1
3788,Pandapip1
3788,eth-bot
3788,Gregory Markou
3855,Pooja Ranjan
3855,Pooja Ranjan
3855,eth-bot
3855,Pandapip1
3855,Alex Beregszaszi
3855,Alex Beregszaszi
3855,Alex Beregszaszi
3855,Alex Beregszaszi
3855,Alex Beregszaszi
3860,Pooja Ranjan
3860,Pooja Ranjan
3860,Paweł Bylica
3860,Andrei Maiboroda
3860,Andrei Maiboroda
3860,Pandapip1
3860,Alex Beregszaszi
3860,Alex Beregszaszi
3860,Alex Beregszaszi
3978,eth-bot
3978,Pandapip1
3978,William Morriss
3978,Anton Bukov
3978,Mikhail Melnik
3978,Anton Bukov
3978,Anton Bukov
3978,Anton Bukov
3978,Anton Bukov
3978,Anton Bukov
4,lightclient
4,lightclient
4,ethers
4,Alex Beregszaszi
4,Alex Beregszaszi
4,Nick Johnson
4,Nick Johnson
4,Nick Johnson
4,Jack Peterson
4200,Philippe Dumonet
4200,Hugo
4200,lightclient
4200,Paweł Bylica
4200,Paweł Bylica
4200,Andrei Maiboroda
4200,Andrei Maiboroda
4200,Andrei Maiboroda
4200,Alex Beregszaszi
4200,Andrei Maiboroda
4200,Andrei Maiboroda
4200,Andrei Maiboroda
4200,Andrei Maiboroda
4200,Andrei Maiboroda
4200,Pandapip1
4200,Alex Beregszaszi
4200,Alex Beregszaszi
4200,Alex Beregszaszi
4200,Alex Beregszaszi
4337,Dror Tirosh
4337,Dror Tirosh
4337,Sören Steiger
4337,Matt Stam
4337,Dror Tirosh
4337,Dror Tirosh
4337,Dror Tirosh
4337,Dror Tirosh
4337,taek
4337,Dror Tirosh
4337,Yoav Weiss
4337,Pandapip1
4337,Dror Tirosh
4337,GT
4337,shahafn
4337,Yoav Weiss
4337,Kristof Gazso
4337,Dror Tirosh
4337,Armando Andini
4337,Fredrik Svantes
4337,vbuterin
4341,eth-bot
4341,Pandapip1
4341,Pandapip1
4341,Simon Tian
4345,Pandapip1
4345,Tim Beiko
4345,Tim Beiko
4345,Tim Beiko
4345,Tim Beiko
4345,Tim Beiko
4345,Tim Beiko
4345,Tim Beiko
4345,Tim Beiko
4345,Tim Beiko
4353,eth-bot
4353,Sam Wilson
4353,rex f
4361,Gregory Rocco
4361,eth-bot
4361,Gregory Rocco
4361,Pandapip1
4361,Martin Holst Swende
4361,Tim Daubenschütz
4361,wyc
4393,Jules Lai
4393,Pandapip1
4393,Jules Lai
4393,Jules Lai
4393,Jules Lai
4393,Jules Lai
4393,mr.yalamanchi
4396,eth-bot
4396,Pandapip1
4396,Ansgar Dietrichs
4399,Mikhail Kalinin
4399,Mikhail Kalinin
4399,Pandapip1
4399,Mikhail Kalinin
4399,Mikhail Kalinin
4399,Mikhail Kalinin
4399,Mikhail Kalinin
4399,Mikhail Kalinin
4399,Mikhail Kalinin
4399,Justin Florentine
4399,Mikhail Kalinin
4399,Mikhail Kalinin
4399,Danny Ryan
4399,Mikhail Kalinin
4400,Anders
4400,Pandapip1
4400,Daniel Ivanov
4400,Anders
4400,Daniel Ivanov
4400,Sam Wilson
4400,Pandapip1
4400,Daniel Ivanov
4400,Daniel Ivanov
4430,eth-bot
4430,Pandapip1
4430,Richard Moore
4444,eth-bot
4444,Pandapip1
4444,lightclient
4444,lightclient
4444,lightclient
4488,eth-bot
4488,Pandapip1
4488,vbuterin
4494,Pandapip1
4494,William Schwab
4519,Javier Arcenegui Almenara
4519,Javier Arcenegui Almenara
4519,Javier Arcenegui Almenara
4519,Pandapip1
4519,Javier Arcenegui Almenara
4519,Javier Arcenegui Almenara
4519,Javier Arcenegui Almenara
4519,Javier Arcenegui Almenara
4519,Javier Arcenegui Almenara
4519,Javier Arcenegui Almenara
4520,eth-bot
4520,Pandapip1
4520,uink45
4520,uink45
4521,eth-bot
4521,Pandapip1
4521,z0r0z
4524,eth-bot
4524,Pandapip1
4524,William Schwab
4527,Aaron Chen
4527,Aaron Chen
4527,eth-bot
4527,Pandapip1
4527,Aaron Chen
4527,Aaron Chen
4527,Aaron Chen
4546,eth-bot
4546,Pandapip1
4546,Chance Hudson
4573,eth-bot
4573,Pandapip1
4573,Greg Colvin
4573,Greg Colvin
4573,Greg Colvin
4573,Greg Colvin
4573,Greg Colvin
4573,Greg Colvin
4573,Greg Colvin
4573,Greg Colvin
4573,Greg Colvin
4573,Greg Colvin
4573,Greg Colvin
4573,Greg Colvin
4626,pandadefi
4626,Victor Dusart
4626,pandadefi
4626,Alberto Cuesta Cañada
4626,Pandapip1
4626,Joey
4626,Joey
4626,Joey
4626,Joey
4626,t11s
4626,t11s
4626,t11s
4626,t11s
4626,El De-dog-lo
4626,Alberto Cuesta Cañada
4626,Alberto Cuesta Cañada
4626,Alberto Cuesta Cañada
4626,t11s
4626,Joey
4626,Joey
4626,Alberto Cuesta Cañada
4626,Joey
4626,Alex Beregszaszi
4626,El De-dog-lo
4626,Joey
4626,Joey
4626,Alex Beregszaszi
4626,El De-dog-lo
4626,t11s
4626,El De-dog-lo
4671,eth-bot
4671,Pandapip1
4671,Pandapip1
4671,Omar Aflak
4675,Pandapip1
4675,David
4736,Benjamin Evans Chodroff
4736,Benjamin Evans Chodroff
4736,Benjamin Evans Chodroff
4736,Benjamin Evans Chodroff
4736,eth-bot
4736,Pandapip1
4736,Benjamin Evans Chodroff
4747,eth-bot
4747,Pandapip1
4747,Peter Davies
4750,Paweł Bylica
4750,Hugo
4750,Paweł Bylica
4750,lightclient
4750,Paweł Bylica
4750,lightclient
4750,Ahmad Bitar
4750,Paweł Bylica
4750,Andrei Maiboroda
4750,Andrei Maiboroda
4750,Alex Beregszaszi
4750,Andrei Maiboroda
4750,lightclient
4750,Andrei Maiboroda
4750,Paweł Bylica
4750,Andrei Maiboroda
4750,Andrei Maiboroda
4750,Andrei Maiboroda
4750,Alex Beregszaszi
4750,Andrei Maiboroda
4750,Pandapip1
4750,Alex Beregszaszi
4758,dankrad
4758,Pandapip1
4758,dankrad
4760,eth-bot
4760,Pandapip1
4760,dankrad
4762,eth-bot
4762,Pandapip1
4762,dankrad
4788,Alex Stokes
4788,Alex Stokes
4788,Alex Stokes
4788,Alex Stokes
4788,Alex Stokes
4788,ethosdev
4788,Ayman Bouchareb
4788,Danny Ryan
4788,Alex Stokes
4788,eth-bot
4788,Jonny Rhea
4788,Pandapip1
4788,Alex Stokes
4799,eth-bot
4799,Pandapip1
4799,David Buckman
4799,David Buckman
4803,eth-bot
4803,Pandapip1
4803,Alex Beregszaszi
4803,Alex Beregszaszi
4804,Qi Zhou
4804,Qi Zhou
4804,Qi Zhou
4804,Qi Zhou
4804,Qi Zhou
4804,Qi Zhou
4804,Qi Zhou
4804,Qi Zhou
4804,Qi Zhou
4804,Qi Zhou
4824,Isaac Patka
4824,Joshua Tan
4834,Pandapip1
4834,Pandapip1
4834,Pandapip1
4834,Pandapip1
4834,Pandapip1
4834,Pandapip1
4834,Pandapip1
4834,Pandapip1
4834,Pandapip1
4834,Pandapip1
4834,Pandapip1
4834,Pandapip1
4844,g11tech
4844,Ansgar Dietrichs
4844,Ansgar Dietrichs
4844,g11tech
4844,lightclient
4844,lightclient
4844,lightclient
4844,Alex Stokes
4844,g11tech
4844,Ansgar Dietrichs
4844,Alex Stokes
4844,lightclient
4844,lightclient
4844,g11tech
4844,Andrew Ashikhmin
4844,Ansgar Dietrichs
4844,Marius van der Wijden
4844,Andrew Ashikhmin
4844,Inphi
4844,dankrad
4844,protolambda
4844,protolambda
4844,Alex Beregszaszi
4844,Roberto Bayardo
4844,Roberto Bayardo
4844,George Kadianakis
4844,Gabi
4844,Ansgar Dietrichs
4844,Ansgar Dietrichs
4844,George Kadianakis
4863,eth-bot
4863,Pandapip1
4863,Alex Stokes
4863,Alex Stokes
4863,Alex Stokes
4881,ethDreamer
4881,ethDreamer
4881,eth-bot
4881,ethDreamer
4881,Pandapip1
4881,ethDreamer
4881,ethDreamer
4881,ethDreamer
4881,ethDreamer
4883,Andrew B Coathup
4883,Andrew B Coathup
4885,eth-bot
4885,Jules Lai
4885,Pandapip1
4885,Jules Lai
4886,eth-bot
4886,Pandapip1
4886,omnus
4895,Pooja Ranjan
4895,Pooja Ranjan
4895,Alex Stokes
4895,Alex Stokes
4895,Alex Stokes
4895,Alex Stokes
4895,Gabi
4895,Alex Stokes
4895,Alex Stokes
4895,Alex Stokes
4895,Pandapip1
4895,Alex Stokes
4895,Alex Stokes
4895,Alex Stokes
4906,EmojiDao
4906,EmojiDao
4906,niftynathangang
4906,emojidao
4906,Anders
4907,Tim Daubenschütz
4907,Fatih
4907,EmojiDao
4907,emojidao
4907,emojidao
4907,Pandapip1
4907,Anders
4907,LanceSnow
4907,LanceSnow
4907,LanceSnow
4907,emojidao
4910,Andreas Freund
4910,Andreas Freund
4910,Andreas Freund
4931,eth-bot
4931,John-peterson-coinbase
4938,Pooja Ranjan
4938,Marius van der Wijden
4938,eth-bot
4938,Marius van der Wijden
4944,Victor Muñoz
4944,eth-bot
4944,Pandapip1
4944,Victor Muñoz
4944,Victor Muñoz
4950,Victor Muñoz
4950,Victor Muñoz
4950,eth-bot
4950,Easy Innova
4955,Andres Guarneros
4955,Ignacio Mazzara
4955,Ignacio Mazzara
4955,Ignacio Mazzara
4955,Pandapip1
4955,Ignacio Mazzara
4972,Shu
4972,eth-bot
4972,Qi Zhou
4972,Qi Zhou
4973,rotcivegaf
4973,Tim Daubenschütz
4973,Tim Daubenschütz
4973,Tim Daubenschütz
4973,Tim Daubenschütz
4973,Tim Daubenschütz
4973,Tim Daubenschütz
4973,Tim Daubenschütz
4973,Tim Daubenschütz
4973,Tim Daubenschütz
4973,Tim Daubenschütz
4973,Tim Daubenschütz
4974,Daniel Tedesco
4974,Daniel Tedesco
4974,Pandapip1
4974,Daniel Tedesco
4987,Devin A. Conley
4987,Devin A. Conley
4987,Devin A. Conley
4987,Pandapip1
4987,Devin A. Conley
5,lightclient
5,lightclient
5,Alex Beregszaszi
5,Alex Beregszaszi
5,Nick Johnson
5,Nick Johnson
5,Nick Johnson
5,Paweł Bylica
5,Viktor Trón
5,ethers
5,chriseth
5000,P. Misirov
5000,Alex Beregszaszi
5000,Pandapip1
5000,Hari
5003,eth-bot
5003,Dan Finlay
5005,Auryn Macmillan
5005,Auryn Macmillan
5005,Auryn Macmillan
5005,Auryn Macmillan
5006,EmojiDao
5006,EmojiDao
5006,EmojiDao
5006,EmojiDao
5006,EmojiDao
5006,EmojiDao
5006,EmojiDao
5006,emojidao
5007,EmojiDao
5007,EmojiDao
5007,EmojiDao
5007,EmojiDao
5007,EmojiDao
5007,EmojiDao
5007,Pandapip1
5007,emojidao
5008,EmojiDao
5008,EmojiDao
5008,eth-bot
5008,EmojiDao
5008,emojidao
5018,Qi Zhou
5018,eth-bot
5018,Qi Zhou
5022,eth-bot
5022,green
5023,yaruno
5023,yaruno
5023,yaruno
5023,yaruno
5023,yaruno
5027,Qi Zhou
5027,Qi Zhou
5050,eth-bot
5050,alexi
5058,radiocaca
5065,eth-bot
5065,Mudit Gupta
5069,Pandapip1
5069,Pandapip1
5069,Pandapip1
5069,Pandapip1
5081,xinbenlv
5081,xinbenlv
5094,eth-bot
5094,Luc
5095,eth-bot
5095,Alberto Cuesta Cañada
5114,Micah Zoltu
5114,Sam Wilson
5114,Micah Zoltu
5114,Micah Zoltu
5114,Micah Zoltu
5114,Micah Zoltu
5114,Micah Zoltu
5115,Anton Buenavista
5115,Anton Buenavista
5115,Anton Buenavista
5131,eth-bot
5131,wwhchung
5131,wwhchung
5131,wwhchung
5131,wwhchung
5133,Pooja Ranjan
5133,ericmartihaynes
5133,ericmartihaynes
5133,ericmartihaynes
5133,ericmartihaynes
5133,ericmartihaynes
5133,ericmartihaynes
5133,ericmartihaynes
5133,ericmartihaynes
5133,ericmartihaynes
5133,ericmartihaynes
5133,ericmartihaynes
5139,Sam Wilson
5139,Sam Wilson
5139,Sam Wilson
5139,Sam Wilson
5139,Sam Wilson
5139,Sam Wilson
5139,Sam Wilson
5143,eth-bot
5143,Hadrien Croubois
5164,Brendan Asselstine
5164,Brendan Asselstine
5164,Chris Whinfrey
5164,Pierrick Turelier
5164,Brendan Asselstine
5169,James Brown
5169,James Brown
5169,James Brown
5169,James Brown
5169,eth-bot
5169,James Brown
5173,dRadiant
5173,dRadiant
5185,eth-bot
5185,Christophe Le Bars
5187,DerivStudio
5187,DerivStudio
5187,DerivStudio
5189,eth-bot
5189,Alex Beregszaszi
5189,Agusx1211
5192,Taehee Yoon
5192,Tim Daubenschütz
5192,Tim Daubenschütz
5192,Anders
5192,Tim Daubenschütz
5192,Tim Daubenschütz
5202,Charles Cooper
5202,Charles Cooper
5202,Charles Cooper
5202,Charles Cooper
5216,Iván M.M
5216,Iván M.M
5216,Iván M.M
5218,Yan Ji
5218,Yan Ji
5218,Yan Ji
5219,Gavin John
5219,Gavin John
5219,Gavin John
5219,Gavin John
5219,Gavin John
5219,Pandapip1
5219,Pandapip1
5219,Pandapip1
5219,Pandapip1
5219,Pandapip1
5247,xinbenlv
5247,xinbenlv
5247,xinbenlv
5252,Hyungsuk Kang
5252,Hyungsuk Kang
5252,Hyungsuk Kang
5267,Francisco
5267,Francisco
5267,Francisco
5267,Francisco
5267,Francisco
5267,Francisco
5269,xinbenlv
5269,xinbenlv
5269,xinbenlv
5269,xinbenlv
5269,xinbenlv
5269,xinbenlv
5269,xinbenlv
5269,xinbenlv
5269,xinbenlv
5283,eth-bot
5283,Sergio Demian Lerner
5289,Pandapip1
5289,Pandapip1
5289,Pandapip1
5289,Pandapip1
5289,Pandapip1
5289,Pandapip1
5298,xinbenlv
5298,xinbenlv
5313,William Entriken
5313,William Entriken
5313,William Entriken
5313,William Entriken
5334,Yan
5345,eth-bot
5345,Alex Beregszaszi
5345,muhammedea
5375,Samuele Marro
5375,Samuele Marro
5375,Samuele Marro
5375,Samuele Marro
5375,Samuele Marro
5375,Samuele Marro
5380,Gavin John
5380,Gavin John
5380,Gavin John
5380,Pandapip1
5380,Pandapip1
5380,Pandapip1
5380,Pandapip1
5380,Pandapip1
5409,eth-bot
5409,Ronan Sandford
5437,xinbenlv
5450,Paweł Bylica
5450,Paweł Bylica
5450,Paweł Bylica
5450,Paweł Bylica
5450,lightclient
5450,Andrei Maiboroda
5450,Alex Beregszaszi
5450,Andrei Maiboroda
5450,Andrei Maiboroda
5453,xinbenlv
5453,xinbenlv
5453,xinbenlv
5453,xinbenlv
5478,eth-bot
5478,Qi Zhou
5484,Buzz Cai
5484,Buzz Cai
5484,Buzz Cai
5484,Alex Beregszaszi
5484,Buzz Cai
5485,xinbenlv
5485,eth-bot
5485,xinbenlv
5485,xinbenlv
5489,coderfengyun
5489,coderfengyun
5489,coderfengyun
5489,coderfengyun
5496,Jeremy Z
5496,Jeremy Z
5496,Jeremy Z
55,Micah Zoltu
55,Micah Zoltu
55,Alex Van de Sande
55,ligi
55,Viktor Radchenko
55,Garcia
55,Nilang-Decentral
55,Nick Johnson
55,Nick Johnson
55,Nick Johnson
55,Nick Johnson
55,Nick Johnson
55,yuzushioh
55,Daniel Cousens
55,cdetrio
55,Jason Carver
55,Aleš Katona
55,cdetrio
55,Piper Merriam
55,cdetrio
55,cdetrio
55,cdetrio
55,cdetrio
55,cdetrio
5501,smrza
5505,eth-bot
5505,scli
5507,Gavin John
5507,Gavin John
5507,Gavin John
5507,Gavin John
5507,Gavin John
5507,Gavin John
5507,Pandapip1
5507,Pandapip1
5507,Pandapip1
5507,Pandapip1
5507,Pandapip1
5507,Pandapip1
5507,Pandapip1
5507,Pandapip1
5507,Pandapip1
5516,Lucas Grasso
5516,Lucas Grasso
5516,Lucas Grasso
5516,Lucas Grasso
5521,OniReimu
5521,eth-bot
5521,OniReimu
5521,OniReimu
5528,StartfundInc
5528,StartfundInc
5528,StartfundInc
5528,StartfundInc
5528,StartfundInc
5528,StartfundInc
5528,StartfundInc
5539,Lauritz Leifermann
5553,Roy Osherove
5553,Roy Osherove
5553,Roy Osherove
5553,Roy Osherove
5553,Roy Osherove
5554,Isaac Patka
5559,eth-bot
5559,0xpaulio
5560,eth-bot
5560,Julien Béranger
5564,Toni Wahrstätter
5564,Toni Wahrstätter
5564,Toni Wahrstätter
5564,aspoky
5564,Toni Wahrstätter
5564,Toni Wahrstätter
5564,Toni Wahrstätter
5564,Anton Wahrstätter
5568,Pandapip1
5568,Pandapip1
5568,Pandapip1
5568,Pandapip1
5570,Sean
5570,Sean
5570,Sean
5570,Sean
5570,Sean
5570,Sean
5570,Sean
5570,Sean
5570,Sean
5573,chunningham
5573,Sam Gbafa
5573,Bumblefudge
5573,Oliver Terbu
5585,yus
5585,adeelhasan
5585,yus
5585,VeegaLabs Official
5585,VeegaLabs Official
5585,VeegaLabs Official
5593,Kyle Den Hartog
5604,xinbenlv
5604,xinbenlv
5604,xinbenlv
5604,xinbenlv
5606,Gaurang Torvekar
5606,Gaurang Torvekar
5606,Gaurang Torvekar
5606,Gaurang Torvekar
5606,Gaurang Torvekar
5615,Gavin John
5615,Gavin John
5615,Gavin John
5615,Gavin John
5615,Gavin John
5615,Pandapip1
5615,Pandapip1
5615,Pandapip1
5615,Pandapip1
5615,Pandapip1
5625,gavfu
5625,Gavin Fu
5630,Firn Protocol
5630,Weiji Guo
5630,Firn Protocol
5630,Firn Protocol
5630,Firn Protocol
5630,Firn Protocol
5630,Firn Protocol
5633,eth-bot
5633,HonorLabs
5635,0xTimi
5639,pistomat
5639,wwhchung
5639,wwhchung
5639,wwhchung
5639,wwhchung
5643,cygaar
5643,cygaar
5643,cygaar
5643,cygaar
5643,cygaar
5643,cygaar
5643,cygaar
5646,ashhanai
5646,ashhanai
5646,ashhanai
5646,ashhanai
5646,ashhanai
5656,Charles Cooper
5656,Andrei Maiboroda
5656,Charles Cooper
5656,tserg
5656,Charles Cooper
5656,Alex Beregszaszi
5656,Paweł Bylica
5679,xinbenlv
5679,xinbenlv
5679,xinbenlv
5679,xinbenlv
5679,xinbenlv
5679,xinbenlv
5679,xinbenlv
5679,xinbenlv
5700,Leeren
5700,Leeren
5719,Agusx1211
5725,DeFiFoFum
5725,DeFiFoFum
5725,Apeguru
5727,Austin Zhu
5727,Austin Zhu
5727,Austin Zhu
5727,Austin Zhu
5727,Austin Zhu
5727,Austin Zhu
5732,xinbenlv
5732,xinbenlv
5732,xinbenlv
5732,xinbenlv
5732,xinbenlv
5732,xinbenlv
5732,xinbenlv
5732,xinbenlv
5744,Matt Solomon
5749,Kosala Hemachandra
5749,Kosala Hemachandra
5749,Kosala Hemachandra
5749,Kosala Hemachandra
5749,Kosala Hemachandra
5750,xinbenlv
5750,xinbenlv
5750,xinbenlv
5750,Pandapip1
5750,xinbenlv
5750,xinbenlv
5753,filmakarov
5757,lightclient
5757,Sam Wilson
5757,Sam Wilson
5757,Sam Wilson
5773,Jan Turk
5773,Jan Turk
5773,Jan Turk
5773,Jan Turk
5773,Jan Turk
5773,Steven Pineda
5773,Jan Turk
5773,Jan Turk
5773,Steven Pineda
5773,Jan Turk
5773,Jan Turk
5791,cygaar
5791,2pmflow
5792,Moody Salem
5792,Moody Salem
5793,protolambda
5793,Marius van der Wijden
5805,Francisco
5805,Ernesto García
5805,Hadrien Croubois
5805,Hadrien Croubois
5805,Hadrien Croubois
5806,Hadrien Croubois
5827,zlace0x
5827,zlace0x
5850,genkifs
5851,Dhruv Malik
5883,"Riedl Kevin, Bsc"
5902,Simon Brown
5902,Simon Brown
5902,Simon Brown
5920,Gavin John
5920,Gavin John
5920,Pandapip1
5920,Pandapip1
5920,Pandapip1
5920,Pandapip1
5920,Pandapip1
5920,Pandapip1
5920,Pandapip1
5920,Pandapip1
5982,xinbenlv
5982,xinbenlv
5988,Abdel @ StarkWare
6,Dionysis Zindros
6,William Entriken
6,Alex Beregszaszi
6,Nick Johnson
6,Nick Johnson
6,Nick Johnson
6,ethers
6,ethers
6,ethers
6,Hudson Jameson
6,Hudson Jameson
600,Pandapip1
600,Micah Zoltu
600,Micah Zoltu
600,Nick Savers
601,Pandapip1
601,lightclient
601,Micah Zoltu
601,Micah Zoltu
601,Nick Johnson
6046,Alex Beregszaszi
6046,Alex Beregszaszi
6047,xinbenlv
6049,William Entriken
6049,William Entriken
6049,William Entriken
6049,William Entriken
6049,William Entriken
6049,William Entriken
6051,Weiji Guo
6059,Jan Turk
6059,Jan Turk
6059,Jan Turk
6059,Jan Turk
6059,Jan Turk
6059,Jan Turk
6059,Steven Pineda
6059,Jan Turk
6059,Pandapip1
6059,Jan Turk
6059,Jan Turk
6059,Jan Turk
606,Pandapip1
606,Micah Zoltu
606,Alex Beregszaszi
606,Alex Beregszaszi
606,Nick Johnson
606,Nick Johnson
606,Nick Johnson
606,Nick Johnson
606,James Ray
606,cdetrio
606,cdetrio
606,cdetrio
606,cdetrio
6065,Alex-Klasma
6065,Alex-Klasma
6065,Alex-Klasma
6066,boyuanx
6066,boyuanx
6066,boyuanx
607,Pandapip1
607,Micah Zoltu
607,Alex Beregszaszi
607,William Entriken
607,Alex Beregszaszi
607,Nick Johnson
607,Nick Johnson
607,Nick Johnson
607,Nick Johnson
607,Alex Beregszaszi
608,Pandapip1
608,Micah Zoltu
608,Alex Beregszaszi
608,Alex Beregszaszi
608,Nick Johnson
608,Nick Johnson
608,Nick Johnson
608,Nick Johnson
608,Alex Beregszaszi
609,Pandapip1
609,Micah Zoltu
609,Alex Beregszaszi
609,William Entriken
609,Alex Beregszaszi
609,Nick Savers
609,Nick Johnson
609,MattLongCT
609,Nick Johnson
609,Nick Johnson
609,Nick Johnson
609,Nick Johnson
609,Nick Johnson
609,Nick Savers
609,juanchel
609,Yoichi Hirai
609,Yoichi Hirai
609,Yoichi Hirai
609,cdetrio
609,5chdn
609,5chdn
609,cdetrio
6093,Ernesto García
6093,Ernesto García
6093,Ernesto García
6093,Ernesto García
6093,Paul Razvan Berg
6093,Taehee Yoon
6093,Ernesto García
6105,5660.eth
6105,5660.eth
6105,5660.eth
6105,5660.eth
6105,5660.eth
6105,5660.eth
6105,Lambdalf the White
6110,kevinbogner
6110,Mikhail Kalinin
6110,OmkarK97
6110,Mikhail Kalinin
6120,Zergity
6120,Zergity
6120,Zergity
6120,Zergity
6120,Zergity
6120,Zergity
6120,Zergity
6122,Marius van der Wijden
6122,Marius van der Wijden
6123,Peter Kohl-Landgraf
6147,5660.eth
6147,5660.eth
6147,5660.eth
6147,5660.eth
6147,5660.eth
6147,5660.eth
615,Pandapip1
615,eth-bot
615,ligi
615,Micah Zoltu
615,lightclient
615,William Entriken
615,Greg Colvin
615,William Entriken
615,Greg Colvin
615,Alex Beregszaszi
615,Brooklyn Zelenka
615,Greg Colvin
615,Noel Maersk
615,Brooklyn Zelenka
615,Alex Beregszaszi
615,Brooklyn Zelenka
615,Greg Colvin
615,Greg Colvin
615,Greg Colvin
615,Greg Colvin
615,Greg Colvin
615,Greg Colvin
615,Greg Colvin
615,Yoichi Hirai
615,Nick Johnson
615,Nick Johnson
615,Nick Johnson
615,Nick Johnson
615,Yoichi Hirai
615,Yoichi Hirai
6150,Suning Yao
6150,Keegan Lee
6150,Keegan Lee
6150,Suning Yao
6150,Keegan Lee
6150,Suning Yao
6150,Suning Yao
616,eth-bot
616,Micah Zoltu
616,Alex Beregszaszi
616,William Entriken
616,Greg Colvin
616,Nick Savers
616,Nick Johnson
616,Nick Johnson
616,Nick Johnson
616,Nick Johnson
616,zaq1tomo
6170,Sujith Somraaj
6170,Sujith Somraaj
6170,Sujith Somraaj
6170,Sujith Somraaj
6170,Sujith Somraaj
6170,Sujith Somraaj
6188,Pandapip1
6188,Pandapip1
6188,Pandapip1
6188,Pandapip1
6189,Gavin John
6189,Gavin John
6189,Pandapip1
6189,Pandapip1
6189,Pandapip1
6189,Pandapip1
6190,Pandapip1
6190,Pandapip1
6190,Pandapip1
6190,Pandapip1
6190,Pandapip1
6206,Andrei Maiboroda
6206,Andrei Maiboroda
6206,lightclient
6220,Jan Turk
6220,Jan Turk
6220,Jan Turk
6220,Steven Pineda
6220,Jan Turk
6220,Jan Turk
6220,Jan Turk
6224,Artem Chystiakov
6239,Jessica Chang
6239,Jessica Chang
6268,Yuki Aoki
627,Pandapip1
627,Ikko Ashimine
627,Alex Beregszaszi
627,Antoine Toulme
627,Felix Lange
627,gluk256
6315,Gavin John
6315,Gavin John
6315,Gavin John
6315,Gavin John
6315,Gavin John
6315,Pandapip1
6327,George
634,eth-bot
634,Pandapip1
634,Richard Moore
634,eth-bot
634,Richard Moore
634,lightclient
634,Richard Moore
634,ligi
634,ligi
634,Richard Moore
634,Nick Johnson
634,Nick Johnson
6353,bjeabby1507
6357,Gavin John
6357,Gavin John
6357,Gavin John
6357,Gavin John
6357,Gavin John
6358,xiyu
6358,xiyu
6358,xiyu
6366,Chiro Hiro
6366,Chiro Hiro
6372,Francisco
6372,Hadrien Croubois
6381,Jan Turk
6381,Jan Turk
6381,Jan Turk
6381,Jan Turk
6381,Jan Turk
6381,Jan Turk
6381,Jan Turk
6381,Steven Pineda
6381,Jan Turk
6384,Vazi
6384,Tal Be'ery
6384,Vazi
6404,Etan Kissling
6404,Etan Kissling
6404,Etan Kissling
6404,Etan Kissling
6404,Etan Kissling
6404,Etan Kissling
6404,Etan Kissling
6404,Etan Kissling
6404,Etan Kissling
6404,Etan Kissling
6404,Etan Kissling
6404,Etan Kissling
6404,Etan Kissling
6404,Etan Kissling
6404,Etan Kissling
6454,Jan Turk
6454,Jan Turk
6454,Jan Turk
6454,Jan Turk
6454,Jan Turk
6454,Jan Turk
6454,Jan Turk
6454,Jan Turk
6454,Jan Turk
6454,Jan Turk
6454,Steven Pineda
6454,Jan Turk
6454,Jan Turk
6464,Arran Schlosberg
6465,Etan Kissling
6465,Etan Kissling
6465,Etan Kissling
6465,Etan Kissling
6465,Etan Kissling
6466,Etan Kissling
6466,Etan Kissling
6466,Etan Kissling
6466,Etan Kissling
6475,Etan Kissling
6475,Etan Kissling
6475,Etan Kissling
6475,Etan Kissling
6475,Etan Kissling
6475,Etan Kissling
649,Pandapip1
649,Greg Colvin
649,Afri Schoedon
649,Nick Johnson
649,Nick Johnson
649,Nick Johnson
649,Nick Johnson
649,Nick Johnson
649,Nick Johnson
649,Nick Johnson
649,5chdn
649,5chdn
649,5chdn
649,5chdn
649,5chdn
649,5chdn
649,5chdn
649,5chdn
649,5chdn
649,5chdn
649,5chdn
649,5chdn
649,5chdn
649,5chdn
649,5chdn
649,5chdn
649,5chdn
649,5chdn
649,5chdn
6492,Matt Galligan
6492,Ivo Georgiev
6492,Ivo Georgiev
6492,Ivo Georgiev
6492,Ivo Georgiev
6492,Ivo Georgiev
6492,Ivo Georgiev
6492,Ivo Georgiev
6492,Ivo Georgiev
6492,Ivo Georgiev
6493,Etan Kissling
6493,Etan Kissling
6493,Etan Kissling
6493,Etan Kissling
6506,Josh Weintraub
6538,Toni Wahrstätter
6551,corentinDallenogare
6551,Jayden Windle
6551,Jayden Windle
6551,wwhchung
6551,Jayden Windle
6551,Jayden Windle
6551,Jayden Windle
6551,Jayden Windle
6551,Jayden Windle
6551,Jayden Windle
658,Pandapip1
658,Nick Johnson
658,Nick Johnson
658,Nick Johnson
658,Nick Johnson
658,Nick Johnson
658,Nick Johnson
658,Nick Johnson
6596,David Leung
6617,Victor Dusart
6617,Chiro Hiro
663,Alex Beregszaszi
663,Alex Beregszaszi
663,Alex Beregszaszi
663,Alex Beregszaszi
663,Alex Beregszaszi
663,eth-bot
663,Pandapip1
663,Alex Beregszaszi
663,Alita Moore
663,Alex Beregszaszi
663,eth-bot
663,Alex Beregszaszi
663,Alex Beregszaszi
663,Alex Beregszaszi
663,Alex Beregszaszi
663,Alex Beregszaszi
665,Pandapip1
665,eth-bot
665,William Entriken
665,Lucas Vogelsang
665,Tobias Oberstein
665,Tobias Oberstein
665,Tobias Oberstein
665,Tobias Oberstein
665,Tobias Oberstein
6662,Shu
6672,ArchieChang
6672,Yonathan Randyanto
6672,Yonathan Randyanto
6672,ArchieChang
67,Sam Wilson
6780,dankrad
6785,OT
6786,BogdanKTHD
6787,ZhengQi
6789,Pascal Marco Caversaccio
6806,saitama2009
6808,NarcisCRO
6808,KBT Admin
6809,NarcisCRO
6809,KBT Admin
681,Luc
681,Pandapip1
681,Daniel A. Nagy
681,Daniel A. Nagy
681,Daniel A. Nagy
681,Daniel A. Nagy
681,Daniel A. Nagy
681,Daniel A. Nagy
681,ligi
681,ligi
681,Nick Johnson
681,Nick Johnson
681,Nick Johnson
681,Nick Johnson
681,Daniel A. Nagy
681,Daniel A. Nagy
681,Daniel A. Nagy
681,Daniel A. Nagy
681,Daniel A. Nagy
681,Daniel A. Nagy
6810,William Morriss
6811,Gavin John
6821,Qi Zhou
6823,qdqd
684,Renan Souza
6865,xa6dou.eth
6888,Renan Souza
689,Pandapip1
689,eth-bot
689,Micah Zoltu
689,Nick Johnson
689,Yoichi Hirai
6900,delaaxe
6900,adam-alchemy
6900,adam-alchemy
6900,adam-alchemy
6909,Riley
6913,William Morriss
6913,William Morriss
6913,William Morriss
6913,William Morriss
6913,William Morriss
6944,Gavin John
695,Pandapip1
695,Thibault Meunier
695,Micah Zoltu
695,Erik Marks
695,Wei Tang
695,Erik Marks
695,Erik Marks
695,Erik Marks
695,Erik Marks
695,Wei Tang
695,William Entriken
695,Wei Tang
695,Wei Tang
695,Alex Beregszaszi
695,Nick Savers
695,Nick Johnson
695,Nick Johnson
695,Nick Johnson
695,Nick Johnson
695,Nick Johnson
695,ia
695,ia
695,ia
695,ia
695,ia
6953,Tim Beiko
6953,Tim Beiko
6956,Thomas Bergmueller
6960,Adam Boudj
6963,Glitch
6963,jxom
6963,jxom
6963,Pedro Gomes
6963,everdimension
6963,Pedro Gomes
6963,Kyle Den Hartog
6963,Micah Zoltu
6963,Pedro Gomes
698,Pandapip1
698,eth-bot
698,lightclient
698,Cody Burns
6981,Paul Sullivan
6981,Paul Sullivan
6982,Francesco Sullo
6988,Mikhail Kalinin
6997,Eduard Fina
6997,Eduard Fina
7,William Entriken
7,Micah Zoltu
7,Nick Johnson
7,Nick Johnson
7,Nick Johnson
7,James Ray
7,James Ray
7,James Ray
7,James Ray
7,James Ray
7,ethers
7,chriseth
7,Jeffrey Wilcke
7,null_radix
7015,cf
7045,Danny Ryan
706,Pandapip1
706,William Entriken
706,Alex Beregszaszi
706,Nick Johnson
706,Nick Johnson
706,Nick Johnson
706,Hudson Jameson
7069,Alex Beregszaszi
712,William Chargin
712,Francisco
712,Francisco
712,Pandapip1
712,wschwab
712,lightclient
712,Remco Bloemen
712,Micah Zoltu
712,Alex Beregszaszi
712,lightclient
712,Alex Beregszaszi
712,William Entriken
712,BinaryQuasar
712,Ivo Georgiev
712,Paul Bouchon
712,Leonid Logvinov
721,Pandapip1
721,Sungho Hwang
721,David Brailovsky
721,William Entriken
721,William Entriken
721,Justin Silver
721,lightclient
721,Ian Welsh
721,Micah Zoltu
721,Lucas
721,William Entriken
721,William Entriken
721,William Entriken
721,Albert
721,Albert
721,William Entriken
721,Maciej Górski
721,William Entriken
721,William Entriken
721,Maciej Górski
721,Maciej Górski
721,William Entriken
721,William Entriken
721,William Entriken
721,William Entriken
721,Andrew Parker
721,bitspill
721,Joe Jordan
721,John Forrest
721,John Forrest
725,Yamen Merhi
725,eth-bot
725,Pandapip1
725,Yamen Merhi
725,Jean Cvllr
725,Yamen Merhi
725,Yamen Merhi
725,Yamen Merhi
725,Yamen Merhi
725,lightclient
725,Fabian Vogelsteller
725,Micah Zoltu
725,Alex Beregszaszi
725,Fabian Vogelsteller
725,Fabian Vogelsteller
725,William Entriken
725,Muhammad Altabba
725,Tal Ater
725,Muhammad Altabba
725,Logan Saether
725,DB Hurley
725,Fabian Vogelsteller
747,Gavin John
747,Gavin John
747,Gavin John
747,Gavin John
747,Gavin John
747,Gavin John
747,Gavin John
747,Gavin John
747,Gavin John
747,Gavin John
747,Gavin John
747,Gavin John
747,Pandapip1
747,Pandapip1
747,Pandapip1
747,eth-bot
747,Erik Marks
747,Alex Beregszaszi
747,Dan Finlay
747,Dan Finlay
758,Pandapip1
758,eth-bot
758,Micah Zoltu
758,Alex Beregszaszi
758,Alex Beregszaszi
758,Alex Beregszaszi
758,Domino Valdano
758,Domino Valdano
758,Nick Johnson
758,Nick Johnson
758,Nick Johnson
758,Jack Peterson
758,Jack Peterson
758,Yoichi Hirai
758,Yoichi Hirai
758,Yoichi Hirai
777,William Chargin
777,Pandapip1
777,lightclient
777,Micah Zoltu
777,Mikhail Grechannikov
777,Jacques Dafflon
777,Jacques Dafflon
777,Jacques Dafflon
777,Jacques Dafflon
777,Jacques Dafflon
777,Jacques Dafflon
777,Jacques Dafflon
777,Jacques Dafflon
777,Jacques Dafflon
777,Jacques Dafflon
777,Jacques Dafflon
777,Jacques Dafflon
777,Jacques Dafflon
777,Jacques Dafflon
777,Jacques Dafflon
777,Jacques Dafflon
777,Jacques Dafflon
777,Jacques Dafflon
777,Jacques Dafflon
777,Jacques Dafflon
777,Jacques Dafflon
777,Jacques Dafflon
777,Jacques Dafflon
777,Jacques Dafflon
777,Jacques Dafflon
778,Pandapip1
778,Pooja Ranjan
778,James Hancock
778,Alex Beregszaszi
778,Felix Lange
778,Felix Lange
778,Felix Lange
778,Felix Lange
778,Felix Lange
778,Nick Johnson
778,HsiaChiHao
778,Felix Lange
778,Nick Johnson
778,Nick Johnson
778,Felix Lange
778,Felix Lange
778,Felix Lange
778,Felix Lange
778,Felix Lange
778,Felix Lange
778,Felix Lange
779,Pandapip1
779,Jochem Brouwer
779,William Entriken
779,Alex Beregszaszi
779,Alex Beregszaszi
779,Nick Johnson
779,Nick Johnson
779,Nick Johnson
779,Nick Johnson
779,cdetrio
8,Pandapip1
8,Alex Beregszaszi
8,William Entriken
8,Nick Johnson
8,Nick Johnson
8,Nick Johnson
8,ethers
8,Felix Lange
8,Felix Lange
801,Pandapip1
801,eth-bot
801,lightclient
801,Nick Johnson
801,Nick Johnson
801,Nick Johnson
801,ligi
820,Pandapip1
820,lightclient
820,lightclient
820,Micah Zoltu
820,Jacques Dafflon
820,William Entriken
820,Jacques Dafflon
820,Jacques Dafflon
820,Nick Johnson
820,Jordi Baylina
820,Jordi Baylina
820,Jacques Dafflon
820,Jacques Dafflon
820,Jacques Dafflon
820,Jacques Dafflon
820,William Entriken
820,Jacques Dafflon
820,Jacques Dafflon
820,Jacques Dafflon
820,Jacques Dafflon
820,Jacques Dafflon
820,Jordi Baylina
820,Jordi Baylina
820,Jordi Baylina
820,Jordi Baylina
823,Pandapip1
823,Pandapip1
823,eth-bot
823,Alex Beregszaszi
823,William Entriken
823,Kashish Khullar
823,Alex Beregszaszi
823,Pavel Motyrev
823,Kashish Khullar
823,Kashish Khullar
831,eth-bot
831,Qi Zhou
831,ligi
831,Pandapip1
831,eth-bot
831,Micah Zoltu
831,William Entriken
831,ligi
831,Nick Johnson
831,Nick Johnson
831,Nick Johnson
831,ligi
831,ligi
831,ligi
831,ligi
831,ligi
831,ligi
831,ligi
858,Pandapip1
858,eth-bot
858,cslarson
858,Jacques Dafflon
858,Nick Johnson
858,Nick Johnson
858,Nick Johnson
858,Nick Johnson
858,Nick Johnson
858,Carl Larson
858,Carl Larson
858,Carl Larson
858,Carl Larson
86,eth-bot
86,Alex Beregszaszi
86,Nick Johnson
86,vbuterin
867,Pandapip1
867,eth-bot
867,Nick Savers
867,phiferd
868,Pandapip1
868,Pooja Ranjan
868,Micah Zoltu
868,James Hancock
868,Alex Beregszaszi
868,Felix Lange
868,Felix Lange
868,Nick Johnson
868,Nick Johnson
868,Nick Johnson
868,Nick Johnson
868,Felix Lange
875,Pandapip1
875,Alex Beregszaszi
875,lightclient
875,Micah Zoltu
875,William Entriken
875,James Sangalli
875,James Sangalli
884,Pandapip1
884,eth-bot
884,lightclient
884,William Entriken
884,yoshinori fukushima
884,Nick Johnson
884,juztin
884,Dave Sag
884,Dave Sag
897,Pandapip1
897,eth-bot
897,lightclient
897,Jorge Izquierdo
897,Francisco Giordano
897,Jorge Izquierdo
900,Pandapip1
900,eth-bot
900,John Forrest
900,Nick Johnson
900,Dean Eigenmann
902,Pandapip1
902,eth-bot
902,Alex Beregszaszi
902,Brooklyn Zelenka
902,Brooklyn Zelenka
908,Pandapip1
908,lightclient
908,Micah Zoltu
908,Alex Beregszaszi
908,Micah Zoltu
908,William Entriken
908,James Ray
908,James Ray
908,James Ray
908,James Ray
908,James Ray
908,James Ray
908,James Ray
908,James Ray
908,James Ray
908,James Ray
908,James Ray
908,James Ray
908,James Ray
908,James Ray
908,James Ray
908,James Ray
908,James Ray
908,James Ray
908,James Ray
908,James Ray
908,James Ray
908,James Ray
918,Pandapip1
918,Pandapip1
918,eth-bot
918,Jay Logelin
918,Jay Logelin
918,Alex Beregszaszi
918,Jay Logelin
918,Jay Logelin
918,Jay Logelin
918,Sho IIZUKA
918,Jay Logelin
918,Jay Logelin
918,Jay Logelin
918,Jay Logelin
926,Pandapip1
926,eth-bot
926,Micah Zoltu
926,William Entriken
926,Alex Beregszaszi
926,Nick Johnson
926,Nick Johnson
927,Pandapip1
927,eth-bot
927,William Entriken
927,Alex Beregszaszi
927,Nick Johnson
927,Nick Johnson
969,Alex Beregszaszi
969,Pandapip1
969,eth-bot
969,William Entriken
969,Noel Maersk
969,David Stanfill
969,David Stanfill
998,xinbenlv
998,eth-bot
998,Pandapip1
998,Nick Mudge
998,Taha Dhailey
998,Micah Zoltu
998,lightclient
998,Sudeep Biswas
998,Alex Beregszaszi
998,Nick Mudge
998,Nick Mudge
998,Nick Mudge
998,Nick Mudge
998,Nick Mudge
998,Nick Mudge
998,Nick Mudge
998,Jordan Schalm
998,Nick Mudge
998,Nick Mudge
998,Nick Mudge
998,Nick Mudge
999,Pandapip1
999,lightclient
999,5chdn
999,William Entriken
999,5chdn
999,Afri Schoedon